date,rank,previous_rank,peak_rank,peak_date,weeks_on_chart,consecutive_weeks,entry_rank,entry_date,status,track,artists,label,release_date,track_id
2026-07-23,1,1,1,2026-04-09,36,30,97,2025-10-30,NO_CHANGE,Choosin' Texas,Ella Langley,SAWGOD/Columbia,2026-04-10,7scFxt9VhL4FJwuPSfRlfN
2026-07-23,2,2,1,2026-05-21,10,10,1,2026-05-21,NO_CHANGE,Janice STFU,Drake,OVO/Republic,2026-05-15,514joG57v4yKTsfQmz7stz
2026-07-23,3,3,3,2026-06-04,8,8,3,2026-06-04,NO_CHANGE,hate that i made you love me,Ariana Grande,Republic Records,2026-05-29,20jbSiX29FDX4oQxBXyUEi
2026-07-23,4,4,1,2026-01-08,48,48,30,2025-08-28,NO_CHANGE,Man I Need,Olivia Dean,PLG - Capitol,2025-08-15,1qbmS6ep2hbBRaEZFpn7BX
2026-07-23,5,6,5,2026-07-23,16,16,33,2026-04-09,MOVED_UP,Earrings,Malcolm Todd,Columbia,2024-04-05,0eAuGrXyGFYwur9ARUe7LJ
2026-07-23,6,24,6,2026-07-23,6,6,48,2026-06-18,MOVED_UP,Dai Dai,"Shakira, Burna Boy",Sony Music Latin,2026-05-14,0kosUz0jePvjiz4ctmR6wL
2026-07-23,7,7,6,2025-07-31,237,82,56,2021-10-21,NO_CHANGE,Dreams - 2004 Remaster,Fleetwood Mac,Rhino/Warner Records,1977-02-04,53qkszfgztIvkFyF31GfdQ
2026-07-23,8,5,1,2026-06-18,6,6,1,2026-06-18,MOVED_DOWN,stupid song,Olivia Rodrigo,Olivia Rodrigo PS,2026-06-11,49j6SvuvWfbEKZKzsHCdLJ
2026-07-23,9,10,4,2026-04-09,47,24,95,2024-03-07,MOVED_UP,Babydoll,Dominic Fike,Columbia,2018-10-16,7yNf9YjeO5JXUE3JEBgnYc
2026-07-23,10,9,1,2025-07-17,54,54,1,2025-07-17,MOVED_DOWN,DAISIES,Justin Bieber,"JRC Entertainment, LLC / ILH Production Co. LLC / Def Jam Recordings",2025-07-11,5BZsQlgw21vDOAjoqkNgKb
2026-07-23,11,12,11,2026-07-23,13,13,93,2026-04-30,MOVED_UP,Boston,STELLA LEFTY,Atlantic Outpost,2026-03-27,36idurZmYRjJ56KQ8JD9bN
2026-07-23,12,11,11,2026-07-16,47,30,98,2025-06-19,MOVED_DOWN,weren't for the wind,Ella Langley,SAWGOD/Columbia,2024-11-01,2A22iI0x4EYAVXNpKPhNEM
2026-07-23,13,13,13,2026-07-16,187,30,85,2021-10-28,NO_CHANGE,Mr. Brightside,The Killers,Island Records,,003vvx7Niy0yvhvHt4a68B
2026-07-23,14,8,3,2026-04-23,14,14,3,2026-04-23,MOVED_DOWN,drop dead,Olivia Rodrigo,Olivia Rodrigo PS,2026-06-11,3fRCAPMMZ8l8P9YKI6OCzD
2026-07-23,15,20,15,2026-07-23,107,80,94,2022-05-26,MOVED_UP,Iris,The Goo Goo Dolls,Warner Records,,6Qyc6fS4DsZjB2mRW9DsQs
2026-07-23,16,18,1,2025-05-01,76,76,62,2025-02-13,MOVED_UP,Ordinary,Alex Warren,Atlantic Records,2024-09-26,2RkZ5LkEzeHGRsmDqKwmaJ
2026-07-23,17,15,1,2026-04-23,15,15,5,2026-04-16,MOVED_DOWN,Beauty And A Beat,"Justin Bieber, Nicki Minaj",RBMG/Def Jam,2012-01-01,6QFCMUUq1T2Vf5sFUXcuQ7
2026-07-23,18,16,3,2026-02-26,43,43,38,2025-10-02,MOVED_DOWN,So Easy (To Fall In Love),Olivia Dean,PLG - Capitol,2025-09-26,6sGIMrtIzQjdzNndVxe397
2026-07-23,19,19,12,2026-05-14,23,23,51,2026-02-19,NO_CHANGE,Be Her,Ella Langley,SAWGOD/Columbia,2026-04-10,13HD3tYTiz8oSRxWzXEq7g
2026-07-23,20,14,4,2026-06-04,9,9,7,2026-05-28,MOVED_DOWN,the cure,Olivia Rodrigo,Olivia Rodrigo PS,2026-06-12,55pBIZO1cqoldeqpp5WR7H
2026-07-23,21,21,2,2025-09-18,58,58,54,2025-06-19,NO_CHANGE,No Broke Boys,"Disco Lines, Tinashe",Nice Life/Atlantic,2025-06-06,3cZajhyr8LmtPfHZ9296tj
2026-07-23,22,25,22,2026-07-23,129,30,96,2022-06-02,MOVED_UP,Riptide,Vance Joy,Atlantic Records,2014-08-05,2uXlHCUbq9OMUwx3hrk06o
2026-07-23,23,17,14,2026-07-09,12,12,66,2026-05-07,MOVED_DOWN,Self Aware,Temper City,Temper City under exclusive license to Thirty Knots,2026-02-15,4qW3BbQAwZsrnu8a3ZRdyT
2026-07-23,24,30,1,2026-01-15,85,34,32,2024-02-22,MOVED_UP,End of Beginning,Djo,Djo,2022-09-16,3qhlB30KknSejmIvZZLjOD
2026-07-23,25,28,13,2026-04-23,24,24,30,2026-02-12,MOVED_UP,Homewrecker,sombr,Warner Records,2026-02-05,7tICCrK3CcyRFKza7yrR0z
2026-07-23,26,27,14,2026-06-11,14,13,83,2025-11-06,MOVED_UP,Billie Jean,Michael Jackson,Epic,1982-11-30,7J1uxwnxfQLu4APicE5Rnj
2026-07-23,27,22,1,2025-10-09,42,42,1,2025-10-09,MOVED_DOWN,The Fate of Ophelia,Taylor Swift,Taylor Swift,2025-10-03,53iuhJlwXhSER5J2IYYv1W
2026-07-23,28,32,1,2024-07-11,117,30,31,2024-04-25,MOVED_UP,A Bar Song (Tipsy),Shaboozey,American Dogwood / EMPIRE,2024-05-31,5fZJQrFKWQLb7FpJXZ1g7K
2026-07-23,29,29,3,2025-07-10,69,69,61,2025-04-03,NO_CHANGE,back to friends,sombr,Warner Records,2025-08-22,7qjZnBKE73H4Oxkopwulqe
2026-07-23,30,23,23,2026-07-16,3,3,79,2026-07-09,MOVED_DOWN,Wonderwall - Remastered,Oasis,Big Brother Recordings Ltd,,5qqabIl2vWzo9ApSC317sa
2026-07-23,31,31,1,2024-02-08,131,131,11,2024-01-25,NO_CHANGE,Beautiful Things,Benson Boone,"Night Street Records, Inc./Warner Records Inc.",2024-04-05,3xkHsmpQCBMytMJNiDf3Ii
2026-07-23,32,26,4,2026-06-11,7,7,4,2026-06-11,MOVED_DOWN,"I Knew It, I Knew You - From ""Toy Story 5""",Taylor Swift,Walt Disney Records / Pixar,2026-06-05,5uPaqMMt59KGrdKIitDRqa
2026-07-23,33,36,8,2026-04-16,21,21,75,2026-03-05,MOVED_UP,Dracula - JENNIE Remix,"Tame Impala, JENNIE",Columbia,2026-02-06,5yvVYFDUpbnjcnRBgjwTzM
2026-07-23,34,42,6,2025-06-19,69,30,79,2025-03-27,MOVED_UP,Love Me Not,Ravyn Lenae,Atlantic Records,2024-08-09,4WFgvKVfEhb3IUAFGrutTR
2026-07-23,35,33,1,2026-03-05,28,28,86,2026-01-15,MOVED_DOWN,Stateside + Zara Larsson,"PinkPantheress, Zara Larsson",Warner Records,2025-10-10,1DwscornXpj8fmOmYVlqZt
2026-07-23,36,39,1,2024-05-16,114,30,1,2024-05-16,MOVED_UP,I Had Some Help (Feat. Morgan Wallen),"Post Malone, Morgan Wallen",Mercury Records / Republic Records,2024-08-15,5IZXB5IKAD2qlvTPJYDCFB
2026-07-23,37,35,35,2026-07-16,18,18,56,2026-03-26,MOVED_DOWN,Rein Me In (with Olivia Dean),"Sam Fender, Olivia Dean",Polydor Records,2025-12-05,0MUXBhPUDF8or0kfQ0EHwV
2026-07-23,38,37,11,2026-01-22,30,30,46,2026-01-01,MOVED_DOWN,Lush Life,Zara Larsson,Epic/Record Company TEN,2017-03-17,1rIKgCH4H52lrvDcz50hS8
2026-07-23,39,41,31,2026-04-09,133,29,86,2021-10-28,MOVED_UP,The Spins,"Mac Miller, Empire Of The Sun",Rostrum Records,2010-08-13,3iEUDvanZwQhLCIqUmCR7N
2026-07-23,40,71,40,2026-07-23,4,4,70,2026-07-02,MOVED_UP,Look at My Life,Gracie Abrams,"Gracie Abrams, under exclusive license to Interscope Records",2026-07-17,4Yf6QS1hjFWT1qMqvpzNcK
2026-07-23,41,38,30,2026-07-02,8,8,71,2026-06-04,MOVED_DOWN,Cinderella (feat. Ty Dolla $ign),"Mac Miller, Ty Dolla $ign",Warner Records,2016-09-16,2lpygKqzPFtItQ4ss3cgfb
2026-07-23,42,43,6,2026-01-29,44,44,90,2025-09-25,MOVED_UP,WHERE IS MY HUSBAND!,RAYE,Human Re Sources,2026-03-27,7eYzn1CuiJK6VvUhf8zA6k
2026-07-23,43,47,43,2026-07-23,7,7,86,2026-06-11,MOVED_UP,Kingdom of Fear,Cameron Whitcomb,Atlantic Outpost,2026-03-27,4Es6f0zquGHCrv9Hespx9W
2026-07-23,44,40,30,2026-07-09,99,4,83,2022-01-06,MOVED_DOWN,Don't Stop Believin' (2022 Remaster),Journey,Columbia/Legacy,1981-07-17,5RKQ5NdjSh2QzD4MaunT91
2026-07-23,45,-1,45,2026-07-23,1,1,45,2026-07-23,NEW_ENTRY,Good Reason,Gracie Abrams,"Gracie Abrams, under exclusive license to Interscope Records",2026-07-17,11GUkH18CKNFLKCHORkceJ
2026-07-23,46,44,1,2025-08-14,56,56,20,2025-07-03,MOVED_DOWN,Golden,"HUNTR/X, EJAE, AUDREY NUNA, REI AMI, KPop Demon Hunters Cast",K-Pop Demon Hunters,2025-06-20,1CPZ5BxNNd0n0nF4Orb9JS
2026-07-23,47,51,1,2024-04-04,116,21,4,2024-03-28,MOVED_UP,Too Sweet,Hozier,Columbia,2024-08-19,19XpFsce28aByvCC4g89tJ
2026-07-23,48,45,11,2025-09-18,50,30,54,2025-08-07,MOVED_DOWN,12 to 12,sombr,Warner Records,2025-08-22,05od2qm2MTSKCHxy1GBp5W
2026-07-23,49,49,1,2026-01-22,28,28,4,2026-01-15,NO_CHANGE,I Just Might,Bruno Mars,Atlantic Records,2026-02-27,6f68Ac5tt5BQOpwr0BV9oN
2026-07-23,50,87,50,2026-07-23,60,2,89,2022-05-19,MOVED_UP,Tennessee Whiskey,Chris Stapleton,Mercury Nashville,2015-05-04,3fqwjXwUGN6vbzIwvyFMhx
2026-07-23,51,46,45,2026-04-30,13,13,45,2026-04-30,MOVED_DOWN,I Can't Love You Anymore,"Ella Langley, Morgan Wallen",SAWGOD/Columbia,2026-04-10,61rwYQu9An4QWrcCUyFUyq
2026-07-23,52,48,11,2026-04-09,25,25,48,2026-02-05,MOVED_DOWN,E85,Don Toliver,CactusJack/Donnway/ATL,2026-01-30,3B4cjvGlPvyBLNG3AzEgkZ
2026-07-23,53,56,2,2023-09-28,150,30,3,2023-08-31,MOVED_UP,I Remember Everything (feat. Kacey Musgraves),"Zach Bryan, Kacey Musgraves",Warner Records,2023-08-25,4KULAymBBJcPRpk1yO4dOG
2026-07-23,54,52,39,2024-04-18,92,8,99,2022-08-18,MOVED_DOWN,Have You Ever Seen The Rain,Creedence Clearwater Revival,Craft Recordings,1970-12-07,2LawezPeJhN4AWuSB0GtAU
2026-07-23,55,60,55,2026-07-23,10,3,75,2024-07-04,MOVED_UP,you look like you love me (feat. Riley Green),"Ella Langley, Riley Green",SAWGOD/Columbia,2024-08-02,2PyJAiQjp1OPkow2FJZKHR
2026-07-23,56,-1,46,2026-05-28,5,1,56,2026-05-21,RE_ENTRY,Hit the Wall,Gracie Abrams,"Gracie Abrams, under exclusive license to Interscope Records",2026-07-17,61Oyg0lrAOMjBpEStqfOZ1
2026-07-23,57,97,57,2026-07-23,77,2,99,2023-07-06,MOVED_UP,You Should Probably Leave,Chris Stapleton,Mercury Nashville,2020-11-13,2UikqkwBv7aIvlixeVXHWt
2026-07-23,58,34,7,2026-06-18,6,6,7,2026-06-18,MOVED_DOWN,honeybee,Olivia Rodrigo,Olivia Rodrigo PS,2026-06-11,4kX7xkopoXZCfE1D6fNwl2
2026-07-23,59,53,53,2026-07-16,16,16,94,2026-04-09,MOVED_DOWN,Midnight Sun,Zara Larsson,Sommer House/Epic,2025-09-25,1qRV1dKLOfH1s00b9J2LUQ
2026-07-23,60,62,60,2026-07-23,2,2,62,2026-07-16,MOVED_UP,Your Love,The Outfield,Columbia/Legacy,1985-06-29,0WoFs3EdGOx58yX5BtXvOa
2026-07-23,61,69,4,2024-03-21,143,142,100,2023-10-26,MOVED_UP,Lose Control,Teddy Swims,Warner Records,2023-09-15,17phhZDn6oGtzMe56NuWvj
2026-07-23,62,65,1,2026-02-12,43,25,17,2025-01-16,MOVED_UP,DtMF,Bad Bunny,Rimas Entertainment LLC.,2025-01-05,3sK8wGT43QFpWrvNQsrQya
2026-07-23,63,50,1,2026-04-30,13,13,1,2026-04-30,MOVED_DOWN,Doors,Noah Kahan,Mercury Records,2026-04-24,3iU2qsthCTo5EeTE03l3Si
2026-07-23,64,67,3,2025-06-26,107,82,76,2024-07-04,MOVED_UP,Pink Pony Club,Chappell Roan,Chappell Roan PS/ Island,2023-09-21,6393yGahSJ9slVdOwSxOVR
2026-07-23,65,64,2,2024-01-11,146,7,60,2023-06-15,MOVED_DOWN,Stick Season,Noah Kahan,Mercury Records/Republic Records,2022-10-14,0mflMxspEfB0VbI1kyLiAv
2026-07-23,66,-1,66,2026-07-23,5,1,99,2026-06-18,RE_ENTRY,Hips Don't Lie (feat. Wyclef Jean),"Shakira, Wyclef Jean",Epic,2005-11-28,3d0WouFnFmr0K3kjeza3fF
2026-07-23,67,61,1,2024-10-17,114,114,10,2024-05-23,MOVED_DOWN,BIRDS OF A FEATHER,Billie Eilish,Darkroom/Interscope Records,2024-05-17,6dOtVTDdiauQNBQEDOtlAB
2026-07-23,68,63,3,2026-03-05,21,21,3,2026-03-05,MOVED_DOWN,Risk It All,Bruno Mars,Atlantic Records,2026-02-27,5y2ijHECwFYWqcAHKTZgzD
2026-07-23,69,68,28,2026-04-09,20,20,75,2026-03-12,MOVED_DOWN,White Keys,Dominic Fike,Columbia,2025-11-14,5ViLKrbyL3HD6wsq3AB9eI
2026-07-23,70,73,64,2024-09-05,13,5,86,2024-08-29,MOVED_UP,Sex on Fire,Kings of Leon,RCA/Legacy,2008-09-23,0ntQJM78wzOLVeCUAW7Y45
2026-07-23,71,59,24,2026-06-04,11,11,89,2026-05-14,MOVED_DOWN,NOBLE,F3miii,Robots & Humans,2026-05-22,4Jsus7N4d8hFB2G9gcRdBv
2026-07-23,72,79,53,2026-04-09,23,3,91,2023-03-30,MOVED_UP,Scar Tissue,Red Hot Chili Peppers,Warner Records,1999-06-08,32sx78QsGg6pKXn42XvF9L
2026-07-23,73,76,35,2026-01-29,58,30,98,2023-05-18,MOVED_UP,The Chain - 2004 Remaster,Fleetwood Mac,Rhino/Warner Records,1977-02-04,2MRjYBbIbH1VTToIrO1mdi
2026-07-23,74,88,39,2024-02-29,27,4,72,2024-01-25,MOVED_UP,Unwritten,Natasha Bedingfield,Sony Music CG,2004-08-30,3U5JVgI2x4rDyHGObzJfNf
2026-07-23,75,55,4,2026-05-28,10,10,5,2026-05-21,MOVED_DOWN,Shabang,Drake,OVO/Republic,2026-05-15,6vjpQIdABqntoe3zPazPec
2026-07-23,76,77,10,2022-10-20,194,3,100,2022-07-21,MOVED_UP,Something in the Orange,Zach Bryan,Warner Records,2022-04-22,3WMj8moIAXJhHsyLaqIIHI
2026-07-23,77,75,25,2025-05-22,60,30,25,2025-05-22,MOVED_DOWN,I Got Better,Morgan Wallen,Big Loud Records / Mercury Records / Republic Records,2025-05-16,4gfrYDtaRmp6HPvN80V2ob
2026-07-23,78,58,56,2026-01-22,37,30,63,2023-08-31,MOVED_DOWN,One Dance,"Drake, Wizkid, Kyla",Cash Money Records/Young Money Ent./Universal Rec.,2016-05-06,1zi7xx7UVEFkmKfv06H8x0
2026-07-23,79,90,12,2023-09-28,94,2,75,2023-02-02,MOVED_UP,Yellow,Coldplay,Parlophone UK,2000-07-10,3AJwUDP919kvQ9QcozQPxg
2026-07-23,80,74,74,2026-07-16,7,4,99,2026-05-14,MOVED_DOWN,Orbiter,Noah Kahan,Mercury Records,2026-04-25,77fL8ATR0dpUDLI0XLmDBV
2026-07-23,81,84,57,2026-06-11,12,12,78,2026-05-07,MOVED_UP,The One That Got Away,Katy Perry,Capitol Records,2010-01-01,2009X8GyWTqyxIdzAEYW6N
2026-07-23,82,89,58,2025-04-24,6,3,58,2025-04-24,MOVED_UP,Thunderstruck,AC/DC,Columbia,1990-09-24,57bgtoPSgt236HzfBOd8kj
2026-07-23,83,70,43,2026-05-14,12,12,65,2026-05-07,MOVED_DOWN,Beat It,Michael Jackson,Epic,1982-11-30,3BovdzfaX4jb5KFQwoPfAw
2026-07-23,84,83,15,2023-09-28,47,3,66,2023-02-02,MOVED_DOWN,Viva La Vida,Coldplay,Parlophone UK,2008-06-06,1mea3bSkSGXuIRvnydlB5b
2026-07-23,85,82,2,2025-07-17,44,25,2,2025-07-17,MOVED_DOWN,YUKON,Justin Bieber,"JRC Entertainment, LLC / ILH Production Co. LLC / Def Jam Recordings",2025-07-11,29iva9idM6rFCPUlu7Rhxl
2026-07-23,86,72,1,2025-06-12,55,3,1,2025-06-12,MOVED_DOWN,Manchild,Sabrina Carpenter,Island Records,2025-08-29,2BwO5K8Q7EPAJSGze3AAh9
2026-07-23,87,-1,47,2026-04-09,9,1,53,2026-04-02,RE_ENTRY,Sign of the Times,Harry Styles,Columbia,2017-05-12,5Ohxk2dO5COHF1krpoPigN
2026-07-23,88,54,8,2026-06-18,6,6,8,2026-06-18,MOVED_DOWN,maggots for brains,Olivia Rodrigo,Olivia Rodrigo PS,2026-06-11,6jfiwkcwt8iYCdkbLukxeI
2026-07-23,89,100,28,2025-11-20,36,2,98,2025-10-02,MOVED_UP,Dracula,Tame Impala,Columbia,2025-10-17,1NXbNEAcPvY5G1xvfN57aA
2026-07-23,90,96,24,2026-01-08,25,2,99,2025-01-02,MOVED_UP,Every Breath You Take,The Police,Polydor Records,1983-06-17,1JSTJqkT5qHq8MDJnJbRE1
2026-07-23,91,93,61,2026-04-09,24,2,74,2025-06-12,MOVED_UP,Everywhere - 2017 Remaster,Fleetwood Mac,Rhino/Warner Records,1987-04-13,38iKuyifRL4mQ36F2hIxmF
2026-07-23,92,98,1,2022-04-07,127,2,1,2022-04-07,MOVED_UP,As It Was,Harry Styles,Columbia,2022-05-20,4Dvkj6JhhA12EX05fT7y2e
2026-07-23,93,95,30,2025-01-30,44,2,66,2025-01-16,MOVED_UP,The Days - NOTION Remix,"Chrystal, NOTION",Polydor Records,2024-11-08,2FAZskT9yRjp2Oow9szJD8
2026-07-23,94,99,92,2026-04-09,5,2,94,2025-08-28,MOVED_UP,Hell At Night (feat. Ella Langley),"BigXthaPlug, Ella Langley",BigXthaPlug under exclusive license to UnitedMasters LLC,2025-08-22,3pAVk6Ydn0dcGpG8gDyxSJ
2026-07-23,95,-1,1,2023-04-06,137,1,99,2023-02-02,RE_ENTRY,Last Night,Morgan Wallen,Morgan Wallen,2023-03-03,583dMdiUquLMenarTp7PQm
2026-07-23,96,-1,20,2025-11-13,135,1,76,2021-10-21,RE_ENTRY,Sweater Weather,The Neighbourhood,Columbia,2013-04-22,0cQVqPuHQP4KEwc7ZUQmj6
2026-07-23,97,-1,89,2025-06-19,13,1,93,2024-07-04,RE_ENTRY,How You Remind Me,Nickelback,Roadrunner Records,2001-09-11,0gmbgwZ8iqyMPmXefof8Yf
2026-07-23,98,57,43,2026-07-09,4,4,53,2026-07-02,MOVED_DOWN,My Body Isn't Ready,sombr,Warner Records,2026-06-25,79RJg6MqIJlBuedcMqB9F0
2026-07-23,99,91,27,2026-01-08,35,2,93,2025-09-04,MOVED_DOWN,Landslide,Fleetwood Mac,Warner Records,1975-07-11,5ihS6UUlyQAfmp48eSkxuQ
2026-07-23,100,80,3,2026-05-21,10,10,3,2026-05-21,MOVED_DOWN,National Treasures,Drake,OVO/Republic,2026-05-15,393OFJFZKIIv66JmJcNm9D
