Variable Information,,,,,,,,,
Variable,Position,Label,Measurement Level,Role,Column Width,Alignment,Print Format,Write Format,
survey,1,Survey,Scale,Input,10,Right,F8,F8,
country,2,Country,Scale,Input,10,Right,F8,F8,
weight,3,Weight,Scale,Input,10,Right,F8.2,F8.2,
id,4,Respondent ID,Scale,Input,10,Right,F2,F2,
econ_sit,5,"Q1. How would you describe the current economic situation in (survey country) – is it very good, somewhat good, somewhat bad or very bad?",Nominal,Input,10,Right,F2,F2,
satisfied_democracy,6,"Q2A. How satisfied are you with the way democracy is working in (survey country) – very satisfied, somewhat satisfied, not too satisfied, or not at all satisfied?",Nominal,Input,21,Right,F2,F2,
polsys_satisfied,7,"Q2B. [FORM 2] How satisfied are you with the way the political system is working in (survey country) – very satisfied, somewhat satisfied, not too satisfied, or not at all satisfied?",Nominal,Input,18,Right,F2,F2,
fav_us,8,"Q3a. Please tell me if you have a very favorable, somewhat favorable, somewhat unfavorable, or very unfavorable opinion of …? a. The United States",Nominal,Input,8,Right,F2,F2,
fav_china,9,"Q3b. Please tell me if you have a very favorable, somewhat favorable, somewhat unfavorable, or very unfavorable opinion of …? b. China",Nominal,Input,11,Right,F2,F2,
fav_eu,10,"Q3c. Please tell me if you have a very favorable, somewhat favorable, somewhat unfavorable, or very unfavorable opinion of …? c. The European Union",Nominal,Input,8,Right,F2,F2,
fav_un,11,"Q3d. Please tell me if you have a very favorable, somewhat favorable, somewhat unfavorable, or very unfavorable opinion of …? d. The United Nations",Nominal,Input,8,Right,F2,F2,
fav_nato,12,"Q3e. Please tell me if you have a very favorable, somewhat favorable, somewhat unfavorable, or very unfavorable opinion of …? e. NATO, that is, North Atlantic Treaty Organization",Nominal,Input,10,Right,F2,F2,
fav_russia,13,"Q3f. Please tell me if you have a very favorable, somewhat favorable, somewhat unfavorable, or very unfavorable opinion of …? f. Russia",Nominal,Input,12,Right,F2,F2,
fav_israel,14,"Q3g. Please tell me if you have a very favorable, somewhat favorable, somewhat unfavorable, or very unfavorable opinion of …? g. Israel",Nominal,Input,12,Right,F2,F2,
fav_india,15,"Q3h. Please tell me if you have a very favorable, somewhat favorable, somewhat unfavorable, or very unfavorable opinion of …? h. India",Nominal,Input,11,Right,F2,F2,
fav_safrica,16,"Q3i. Please tell me if you have a very favorable, somewhat favorable, somewhat unfavorable, or very unfavorable opinion of …? i. South Africa",Nominal,Input,13,Right,F2,F2,
fav_kenya,17,"Q3j. Please tell me if you have a very favorable, somewhat favorable, somewhat unfavorable, or very unfavorable opinion of …? j. Kenya",Nominal,Input,11,Right,F2,F2,
fav_nigeria,18,"Q3k. Please tell me if you have a very favorable, somewhat favorable, somewhat unfavorable, or very unfavorable opinion of …? k. Nigeria",Nominal,Input,13,Right,F2,F2,
fav_pakistan,19,"Q3l. Please tell me if you have a very favorable, somewhat favorable, somewhat unfavorable, or very unfavorable opinion of …? l. Pakistan",Nominal,Input,9,Right,F2,F2,
fav_bangladesh,20,"Q3m. Please tell me if you have a very favorable, somewhat favorable, somewhat unfavorable, or very unfavorable opinion of …? m. Bangladesh",Nominal,Input,16,Right,F2,F2,
fav_rahul_gandhi,21,"Q4a. Please tell me if you have a very favorable, somewhat favorable, somewhat unfavorable, or very unfavorable opinion of …? a. Rahul Gandhi",Nominal,Input,18,Right,F2,F2,
fav_modi,22,"Q4b. Please tell me if you have a very favorable, somewhat favorable, somewhat unfavorable, or very unfavorable opinion of …? b. Narendra Modi",Nominal,Input,10,Right,F2,F2,
fav_netanyahu,23,"Q4c. Please tell me if you have a very favorable, somewhat favorable, somewhat unfavorable, or very unfavorable opinion of …? c. Benjamin Netanyahu",Nominal,Input,15,Right,F2,F2,
fav_lapid,24,"Q4d. Please tell me if you have a very favorable, somewhat favorable, somewhat unfavorable, or very unfavorable opinion of …? d. Yair Lapid",Nominal,Input,11,Right,F2,F2,
fav_gantz,25,"Q4e. Please tell me if you have a very favorable, somewhat favorable, somewhat unfavorable, or very unfavorable opinion of...? e. Benny Gantz",Nominal,Input,11,Right,F2,F2,
fav_obrador,26,"Q4f. Please tell me if you have a very favorable, somewhat favorable, somewhat unfavorable, or very unfavorable opinion of …? f. Andrés Manuel López Obrador",Nominal,Input,13,Right,F2,F2,
fav_sheinbaum,27,"Q4g. Please tell me if you have a very favorable, somewhat favorable, somewhat unfavorable, or very unfavorable opinion of …? g. Claudia Sheinbaum",Nominal,Input,15,Right,F2,F2,
fav_galvez,28,"Q4h. Please tell me if you have a very favorable, somewhat favorable, somewhat unfavorable, or very unfavorable opinion of …? h. Xóchitl Gálvez",Nominal,Input,12,Right,F2,F2,
fav_ramaphosa,29,"Q4i. Please tell me if you have a very favorable, somewhat favorable, somewhat unfavorable, or very unfavorable opinion of …? i. Cyril Ramaphosa",Nominal,Input,15,Right,F2,F2,
fav_steenhuisen,30,"Q4j. Please tell me if you have a very favorable, somewhat favorable, somewhat unfavorable, or very unfavorable opinion of …? j. John Steenhuisen",Nominal,Input,17,Right,F2,F2,
fav_zuma,31,"Q4k. Please tell me if you have a very favorable, somewhat favorable, somewhat unfavorable, or very unfavorable opinion of …? k. Jacob Zuma",Nominal,Input,10,Right,F2,F2,
fav_malema,32,"Q4l. Please tell me if you have a very favorable, somewhat favorable, somewhat unfavorable, or very unfavorable opinion of …? l. Julius Malema",Nominal,Input,12,Right,F2,F2,
partyfav_argentina_pro,33,"Q5ARGa. Please tell me if you have a very favorable, somewhat favorable, somewhat unfavorable or very unfavorable opinion of ...? a. Propuesta Republicana (PRO)",Nominal,Input,30,Right,F1,F1,
partyfav_argentina_up,34,"Q5ARGb. Please tell me if you have a very favorable, somewhat favorable, somewhat unfavorable or very unfavorable opinion of ...? b. Union por la Patria/Peronismo",Nominal,Input,8,Right,F2,F2,
partyfav_argentina_avanza,35,"Q5ARGc. Please tell me if you have a very favorable, somewhat favorable, somewhat unfavorable or very unfavorable opinion of ...? c. La Libertad Avanza",Nominal,Input,27,Right,F2,F2,
partyfav_australia_labor,36,Q5AUSa. Do you have a favourable or unfavourable opinion of...? a. Labor Party (ALP),Nominal,Input,8,Right,F3,F3,
partyfav_australia_liberal,37,Q5AUSb. Do you have a favourable or unfavourable opinion of...? b. The Liberal-National Coalition,Nominal,Input,8,Right,F3,F3,
partyfav_australia_greens,38,Q5AUSc. Do you have a favourable or unfavourable opinion of...? c. The Greens,Nominal,Input,8,Right,F3,F3,
partyfav_australia_onenation,39,Q5AUSd. Do you have a favourable or unfavourable opinion of...? d. Pauline Hanson's One Nation,Nominal,Input,8,Right,F3,F3,
partyfav_brazil_pl,40,"Q5BRAa. Please tell me if you have a very favorable, somewhat favorable, somewhat unfavorable or very unfavorable opinion of ...? a. PL, Partido Liberal",Nominal,Input,8,Right,F2,F2,
partyfav_brazil_pt,41,"Q5BRAb. Please tell me if you have a very favorable, somewhat favorable, somewhat unfavorable or very unfavorable opinion of ...? b. PT, Partido dos Trabalhadores",Nominal,Input,20,Right,F1,F1,
partyfav_brazil_mdb,42,"Q5BRAc. Please tell me if you have a very favorable, somewhat favorable, somewhat unfavorable or very unfavorable opinion of ...? c. MDB, Movimento Democratico Brasileiro",Nominal,Input,8,Right,F2,F2,
partyfav_brazil_republicans,43,"Q5BRAd. Please tell me if you have a very favorable, somewhat favorable, somewhat unfavorable or very unfavorable opinion of ...? d. Republicanos",Nominal,Input,8,Right,F2,F2,
partyfav_brazil_pp,44,"Q5BRAe. Please tell me if you have a very favorable, somewhat favorable, somewhat unfavorable or very unfavorable opinion of ...? e. PP, Partido Progressista",Nominal,Input,20,Right,F1,F1,
partyfav_canada_lib,45,"Q5CANa. Please tell me if you have a very favorable, somewhat favorable, somewhat unfavorable or very unfavorable opinion of ...? a. Liberal Party",Nominal,Input,6,Right,F1,F1,
partyfav_canada_cons,46,"Q5CANb. Please tell me if you have a very favorable, somewhat favorable, somewhat unfavorable or very unfavorable opinion of ...? b. Conservative Party",Nominal,Input,6,Right,F1,F1,
partyfav_canada_ndp,47,"Q5CANc. Please tell me if you have a very favorable, somewhat favorable, somewhat unfavorable or very unfavorable opinion of ...? c. New Democratic Party (NDP)",Nominal,Input,6,Right,F1,F1,
partyfav_france_lesrepublicains,48,"Q5FRAa. Please tell me if you have a very favorable, somewhat favorable, somewhat unfavorable or very unfavorable opinion of ...? a. The Republicans - LR",Nominal,Input,8,Right,F1,F1,
partyfav_france_socialistparty,49,"Q5FRAb. Please tell me if you have a very favorable, somewhat favorable, somewhat unfavorable or very unfavorable opinion of ...? b. Socialist Party - PS",Nominal,Input,8,Right,F1,F1,
partyfav_france_nationalrally,50,"Q5FRAc. Please tell me if you have a very favorable, somewhat favorable, somewhat unfavorable or very unfavorable opinion of ...? c. National Rally - RN (formerly National Front - NF)",Nominal,Input,8,Right,F1,F1,
partyfav_france_renaissance,51,"Q5FRAd. Please tell me if you have a very favorable, somewhat favorable, somewhat unfavorable or very unfavorable opinion of ...? d. Renaissance - RE (formerly En Marche)",Nominal,Input,8,Right,F1,F1,
partyfav_france_insoumise,52,"Q5FRAe. Please tell me if you have a very favorable, somewhat favorable, somewhat unfavorable or very unfavorable opinion of ...? e. La France Insoumise - FI",Nominal,Input,8,Right,F1,F1,
partyfav_germany_cdu,53,"Q5DEUa. Please tell me if you have a very favorable, somewhat favorable, somewhat unfavorable or very unfavorable opinion of ...? a. CDU - Christian Democratic Union",Nominal,Input,8,Right,F1,F1,
partyfav_germany_spd,54,"Q5DEUb. Please tell me if you have a very favorable, somewhat favorable, somewhat unfavorable or very unfavorable opinion of ...? b. SPD - Social Democratic Party of Germany",Nominal,Input,8,Right,F1,F1,
partyfav_germany_afd,55,"Q5DEUc. Please tell me if you have a very favorable, somewhat favorable, somewhat unfavorable or very unfavorable opinion of ...? c. AfD - Alternative for Germany",Nominal,Input,8,Right,F1,F1,
partyfav_germany_greens,56,"Q5DEUd. Please tell me if you have a very favorable, somewhat favorable, somewhat unfavorable or very unfavorable opinion of ...? d. Alliance 90/The Greens",Nominal,Input,8,Right,F1,F1,
partyfav_germany_fdp,57,"Q5DEUe. Please tell me if you have a very favorable, somewhat favorable, somewhat unfavorable or very unfavorable opinion of ...? e. FDP - Free Democratic Party",Nominal,Input,8,Right,F1,F1,
partyfav_greece_syriza,58,"Q5GRCa. Please tell me if you have a very favorable, somewhat favorable, somewhat unfavorable or very unfavorable opinion of ...? a. SYRIZA",Nominal,Input,8,Right,F1,F1,
partyfav_greece_newdemocracy,59,"Q5GRCb. Please tell me if you have a very favorable, somewhat favorable, somewhat unfavorable or very unfavorable opinion of ...? b. New Democracy",Nominal,Input,8,Right,F1,F1,
partyfav_greece_pasokkinal,60,"Q5GRCc. Please tell me if you have a very favorable, somewhat favorable, somewhat unfavorable or very unfavorable opinion of ...? c. PASOK - Movement for Change",Nominal,Input,8,Right,F1,F1,
partyfav_greece_solution,61,"Q5GRCd. Please tell me if you have a very favorable, somewhat favorable, somewhat unfavorable or very unfavorable opinion of ...? d. Greek Solution",Nominal,Input,26,Right,F2,F2,
partyfav_greece_spartans,62,"Q5GRCe. Please tell me if you have a very favorable, somewhat favorable, somewhat unfavorable or very unfavorable opinion of ...? e. Spartans",Nominal,Input,26,Right,F2,F2,
partyfav_greece_communist,63,"Q5GRCf. Please tell me if you have a very favorable, somewhat favorable, somewhat unfavorable or very unfavorable opinion of ...? f. Communist Party of Greece",Nominal,Input,27,Right,F2,F2,
partyfav_hungary_fidesz,64,"Q5HUNa. Please tell me if you have a very favorable, somewhat favorable, somewhat unfavorable or very unfavorable opinion of ...? a. Fidesz",Nominal,Input,8,Right,F1,F1,
partyfav_hungary_mszp,65,"Q5HUNb. Please tell me if you have a very favorable, somewhat favorable, somewhat unfavorable or very unfavorable opinion of ...? b. MSZP (Hungarian Socialist Party)",Nominal,Input,8,Right,F1,F1,
partyfav_hungary_jobbik,66,"Q5HUNc. Please tell me if you have a very favorable, somewhat favorable, somewhat unfavorable or very unfavorable opinion of ...? c. Jobbik (Movement for a Better Hungary)",Nominal,Input,8,Right,F1,F1,
partyfav_hungary_dk,67,"Q5HUNd. Please tell me if you have a very favorable, somewhat favorable, somewhat unfavorable or very unfavorable opinion of ...? d. Democratic Coalition",Nominal,Input,8,Right,F8,F8,
partyfav_hungary_tisza,68,"Q5HUNe. Please tell me if you have a very favorable, somewhat favorable, somewhat unfavorable or very unfavorable opinion of ...? e. TISZA (Respect and Freedom Party)",Nominal,Input,24,Right,F2,F2,
partyfav_india_bjp,69,"Q5INDa. Please tell me if you have a very favorable, somewhat favorable, somewhat unfavorable or very unfavorable opinion of ...? a. Bharatiya Janata Party - BJP",Nominal,Input,20,Right,F1,F1,
partyfav_india_inc,70,"Q5INDb. Please tell me if you have a very favorable, somewhat favorable, somewhat unfavorable or very unfavorable opinion of ...? b. Indian National Congress - INC",Nominal,Input,20,Right,F1,F1,
partyfav_indonesia_pdip,71,"Q5IDNa. Please tell me if you have a very favorable, somewhat favorable, somewhat unfavorable or very unfavorable opinion of ...? a. PDI-P - Partai Demokrasi Indonesia Perjuangan",Nominal,Input,8,Right,F1,F1,
partyfav_indonesia_gerindra,72,"Q5IDNb. Please tell me if you have a very favorable, somewhat favorable, somewhat unfavorable or very unfavorable opinion of ...? b. Gerindra - Partai Gerakan Indonesia Raya",Nominal,Input,8,Right,F1,F1,
partyfav_indonesia_golkar,73,"Q5IDNc. Please tell me if you have a very favorable, somewhat favorable, somewhat unfavorable or very unfavorable opinion of ...? c. Golkar - Partai Golongan Karya",Nominal,Input,8,Right,F1,F1,
partyfav_indonesia_demokrat,74,"Q5IDNd. Please tell me if you have a very favorable, somewhat favorable, somewhat unfavorable or very unfavorable opinion of ...? d. Partai Demokrat",Nominal,Input,8,Right,F1,F1,
partyfav_indonesia_nasdem,75,"Q5IDNe. Please tell me if you have a very favorable, somewhat favorable, somewhat unfavorable or very unfavorable opinion of ...? e. Partai NasDem",Nominal,Input,8,Right,F1,F1,
partyfav_israel_likud,76,"Q5ISRa. Please tell me if you have a very favorable, somewhat favorable, somewhat unfavorable or very unfavorable opinion of ...? a. Likud",Nominal,Input,23,Right,F1,F1,
partyfav_israel_yeshatid,77,"Q5ISRb. Please tell me if you have a very favorable, somewhat favorable, somewhat unfavorable or very unfavorable opinion of ...? b. Yesh Atid",Nominal,Input,8,Right,F8,F8,
partyfav_israel_raam,78,"Q5ISRc. Please tell me if you have a very favorable, somewhat favorable, somewhat unfavorable or very unfavorable opinion of ...? c. United Arab List (Ra'am)",Nominal,Input,8,Right,F8,F8,
partyfav_israel_unity,79,"Q5ISRd. Please tell me if you have a very favorable, somewhat favorable, somewhat unfavorable or very unfavorable opinion of ...? d. National Unity (State Camp)",Nominal,Input,23,Right,F2,F2,
partyfav_israel_rz,80,"Q5ISRe. Please tell me if you have a very favorable, somewhat favorable, somewhat unfavorable or very unfavorable opinion of ...? e. The Religious Zionism",Nominal,Input,20,Right,F2,F2,
partyfav_israel_otzma,81,"Q5ISRf. Please tell me if you have a very favorable, somewhat favorable, somewhat unfavorable or very unfavorable opinion of ...? f. Otzma Yehudit",Nominal,Input,23,Right,F2,F2,
partyfav_italy_forza,82,"Q5ITAa. Please tell me if you have a very favorable, somewhat favorable, somewhat unfavorable or very unfavorable opinion of ...? a. Forza Italia - FI",Nominal,Input,8,Right,F1,F1,
partyfav_italy_demparty,83,"Q5ITAb. Please tell me if you have a very favorable, somewhat favorable, somewhat unfavorable or very unfavorable opinion of ...? b. Democratic Party - PD",Nominal,Input,8,Right,F1,F1,
partyfav_italy_5star,84,"Q5ITAc. Please tell me if you have a very favorable, somewhat favorable, somewhat unfavorable or very unfavorable opinion of ...? c. Five Star Movement - M5S",Nominal,Input,8,Right,F1,F1,
partyfav_italy_lega,85,"Q5ITAd. Please tell me if you have a very favorable, somewhat favorable, somewhat unfavorable or very unfavorable opinion of ...? d. Lega (formerly Lega Nord)",Nominal,Input,8,Right,F1,F1,
partyfav_italy_fdi,86,"Q5ITAe. Please tell me if you have a very favorable, somewhat favorable, somewhat unfavorable or very unfavorable opinion of ...? e. Fratelli d'Italia - FdI",Nominal,Input,8,Right,F1,F1,
partyfav_japan_ldp,87,"Q5JPNa. Please tell me if you have a very favorable, somewhat favorable, somewhat unfavorable or very unfavorable opinion of ...? a. LDP (Liberal Democratic Party)",Nominal,Input,8,Right,F1,F1,
partyfav_japan_cdp,88,"Q5JPNb. Please tell me if you have a very favorable, somewhat favorable, somewhat unfavorable or very unfavorable opinion of ...? b. CDP (Constitutional Democratic Party)",Nominal,Input,8,Right,F1,F1,
partyfav_japan_komeito,89,"Q5JPNc. Please tell me if you have a very favorable, somewhat favorable, somewhat unfavorable or very unfavorable opinion of ...? c. Komeito",Nominal,Input,8,Right,F1,F1,
partyfav_japan_ishin,90,"Q5JPNd. Please tell me if you have a very favorable, somewhat favorable, somewhat unfavorable or very unfavorable opinion of ...? d. Japan Innovation Party",Nominal,Input,8,Right,F1,F1,
partyfav_kenya_jubilee,91,"Q5KENa. Please tell me if you have a very favorable, somewhat favorable, somewhat unfavorable or very unfavorable opinion of ...? a. Jubilee Party",Nominal,Input,24,Right,F1,F1,
partyfav_kenya_uda,92,"Q5KENb. Please tell me if you have a very favorable, somewhat favorable, somewhat unfavorable or very unfavorable opinion of ...? b. UDA - United Democratic Alliance",Nominal,Input,8,Right,F2,F2,
partyfav_kenya_odm,93,"Q5KENc. Please tell me if you have a very favorable, somewhat favorable, somewhat unfavorable or very unfavorable opinion of ...? c. ODM - Orange Democratic Movement",Nominal,Input,8,Right,F2,F2,
partyfav_mexico_pan,94,"Q5MEXa. Please tell me if you have a very favorable, somewhat favorable, somewhat unfavorable or very unfavorable opinion of ...? a. PAN - Partido Acción Nacional",Nominal,Input,21,Right,F1,F1,
partyfav_mexico_pri,95,"Q5MEXb. Please tell me if you have a very favorable, somewhat favorable, somewhat unfavorable or very unfavorable opinion of ...? b. PRI - Partido Revolucionario Institucional",Nominal,Input,21,Right,F1,F1,
partyfav_mexico_morena,96,"Q5MEXc. Please tell me if you have a very favorable, somewhat favorable, somewhat unfavorable or very unfavorable opinion of ...? c. MORENA - Movimiento de Regeneración Nacional",Nominal,Input,24,Right,F1,F1,
partyfav_mexico_prd,97,"Q5MEXd. Please tell me if you have a very favorable, somewhat favorable, somewhat unfavorable or very unfavorable opinion of ...? d. PRD - Partido de la Revolución Democrática",Nominal,Input,21,Right,F1,F1,
partyfav_mexico_mc,98,"Q5MEXe. Please tell me if you have a very favorable, somewhat favorable, somewhat unfavorable or very unfavorable opinion of ...? e. MC - Movimiento Ciudadano",Nominal,Input,20,Right,F2,F2,
partyfav_netherlands_vvd,99,"Q5NLDa. Please tell me if you have a very favorable, somewhat favorable, somewhat unfavorable or very unfavorable opinion of ...? a. People's Party for Freedom and Democracy (VVD)",Nominal,Input,8,Right,F1,F1,
partyfav_netherlands_glpvda,100,"Q5NLDb. Please tell me if you have a very favorable, somewhat favorable, somewhat unfavorable or very unfavorable opinion of ...? b. GroenLinks - Labour Party (GL - PvdA)",Nominal,Input,8,Right,F1,F1,
partyfav_netherlands_pvv,101,"Q5NLDc. Please tell me if you have a very favorable, somewhat favorable, somewhat unfavorable or very unfavorable opinion of ...? c. The Party for Freedom (PVV)",Nominal,Input,8,Right,F1,F1,
partyfav_netherlands_nsc,102,"Q5NLDd. Please tell me if you have a very favorable, somewhat favorable, somewhat unfavorable or very unfavorable opinion of ...? d. New Social Contract (NSC)",Nominal,Input,26,Right,F2,F2,
partyfav_netherlands_dem66,103,"Q5NLDe. Please tell me if you have a very favorable, somewhat favorable, somewhat unfavorable or very unfavorable opinion of ...? Democrats 66 (D66)",Nominal,Input,8,Right,F1,F1,
partyfav_nigeria_apc,104,"Q5NGAa. Please tell me if you have a very favorable, somewhat favorable, somewhat unfavorable or very unfavorable opinion of ...? All Progressives Congress (APC)",Nominal,Input,22,Right,F1,F1,
partyfav_nigeria_pdp,105,"Q5NGAb. Please tell me if you have a very favorable, somewhat favorable, somewhat unfavorable or very unfavorable opinion of ...? b. People's Democratic Party (PDP)",Nominal,Input,22,Right,F1,F1,
partyfav_nigeria_apga,106,"Q5NGAc. Please tell me if you have a very favorable, somewhat favorable, somewhat unfavorable or very unfavorable opinion of ...? c. All Progressive Grand Alliance (APGA)",Nominal,Input,23,Right,F1,F1,
partyfav_nigeria_lp,107,"Q5NGAd. Please tell me if you have a very favorable, somewhat favorable, somewhat unfavorable or very unfavorable opinion of ...? d. Labour Party (LP)",Nominal,Input,21,Right,F1,F1,
partyfav_poland_pis,108,"Q5POLa. Please tell me if you have a very favorable, somewhat favorable, somewhat unfavorable or very unfavorable opinion of ...? a. Law and Justice - PiS",Nominal,Input,8,Right,F1,F1,
partyfav_poland_ko,109,"Q5POLb. Please tell me if you have a very favorable, somewhat favorable, somewhat unfavorable or very unfavorable opinion of ...? b. Civic Coalition KO (Civic Platform - PO + Modern + The Greens + Polish initiative iPL)",Nominal,Input,8,Right,F1,F1,
partyfav_poland_lewica,110,"Q5POLc. Please tell me if you have a very favorable, somewhat favorable, somewhat unfavorable or very unfavorable opinion of ...? c. The Left (SLD + Spring)",Nominal,Input,8,Right,F8,F8,
partyfav_safrica_anc,111,"Q5ZAFa. Please tell me if you have a very favorable, somewhat favorable, somewhat unfavorable or very unfavorable opinion of ...? a. African National Congress (ANC)",Nominal,Input,22,Right,F1,F1,
partyfav_safrica_da,112,"Q5ZAFb. Please tell me if you have a very favorable, somewhat favorable, somewhat unfavorable or very unfavorable opinion of ...? b. Democratic Alliance (DA)",Nominal,Input,21,Right,F1,F1,
partyfav_safrica_eff,113,"Q5ZAFc. Please tell me if you have a very favorable, somewhat favorable, somewhat unfavorable or very unfavorable opinion of ...? c. Economic Freedom Fighters (EFF)",Nominal,Input,22,Right,F1,F1,
partyfav_safrica_mk,114,"Q5ZAFd. Please tell me if you have a very favorable, somewhat favorable, somewhat unfavorable or very unfavorable opinion of ...? d. uMkhonto weSizwe (MK)",Nominal,Input,21,Right,F2,F2,
partyfav_spain_pp,115,"Q5ESPa. Please tell me if you have a very favorable, somewhat favorable, somewhat unfavorable or very unfavorable opinion of ...? a. People's Party (PP)",Nominal,Input,8,Right,F1,F1,
partyfav_spain_psoe,116,"Q5ESPb. Please tell me if you have a very favorable, somewhat favorable, somewhat unfavorable or very unfavorable opinion of ...? b. Spanish Socialist Workers' Party (PSOE)",Nominal,Input,8,Right,F1,F1,
partyfav_spain_podemos,117,"Q5ESPc. Please tell me if you have a very favorable, somewhat favorable, somewhat unfavorable or very unfavorable opinion of ...? c. Podemos",Nominal,Input,8,Right,F1,F1,
partyfav_spain_vox,118,"Q5ESPd. Please tell me if you have a very favorable, somewhat favorable, somewhat unfavorable or very unfavorable opinion of ...? d. Vox",Nominal,Input,20,Right,F2,F2,
partyfav_spain_sumar,119,"Q5ESPe. Please tell me if you have a very favorable, somewhat favorable, somewhat unfavorable or very unfavorable opinion of ...? e. Sumar",Nominal,Input,22,Right,F2,F2,
partyfav_sweden_sap,120,"Q5SWEa. Please tell me if you have a very favorable, somewhat favorable, somewhat unfavorable or very unfavorable opinion of ...? a. Swedish Social Democratic Party (SAP)",Nominal,Input,8,Right,F1,F1,
partyfav_sweden_moderateparty,121,"Q5SWEb. Please tell me if you have a very favorable, somewhat favorable, somewhat unfavorable or very unfavorable opinion of ...? b. Moderate Party (M)",Nominal,Input,8,Right,F1,F1,
partyfav_sweden_swedendems,122,"Q5SWEc. Please tell me if you have a very favorable, somewhat favorable, somewhat unfavorable or very unfavorable opinion of ...? c. Sweden Democrats (SD)",Nominal,Input,8,Right,F1,F1,
partyfav_turkey_akp,123,"Q5TURa. Please tell me if you have a very favorable, somewhat favorable, somewhat unfavorable or very unfavorable opinion of ...? a. Justice and Development Party - AKP",Nominal,Input,21,Right,F2,F2,
partyfav_turkey_chp,124,"Q5TURb. Please tell me if you have a very favorable, somewhat favorable, somewhat unfavorable or very unfavorable opinion of ...? b. Republican People's Party - CHP",Nominal,Input,21,Right,F2,F2,
partyfav_turkey_mhp,125,"Q5TURc. Please tell me if you have a very favorable, somewhat favorable, somewhat unfavorable or very unfavorable opinion of ...? c. Nationalist Movement Party - MHP",Nominal,Input,21,Right,F2,F2,
partyfav_turkey_iyi,126,"Q5TURd. Please tell me if you have a very favorable, somewhat favorable, somewhat unfavorable or very unfavorable opinion of ...? d. Good Party - IYI Party",Nominal,Input,21,Right,F2,F2,
partyfav_turkey_dem,127,"Q5TURe. Please tell me if you have a very favorable, somewhat favorable, somewhat unfavorable or very unfavorable opinion of ...? e. People's Equality and Democracy Party - DEM Party",Nominal,Input,21,Right,F2,F2,
partyfav_uk_conservative,128,"Q5GBRa. Please tell me if you have a very favorable, somewhat favorable, somewhat unfavorable or very unfavorable opinion of ...? a. The Conservative Party",Nominal,Input,8,Right,F1,F1,
partyfav_uk_labour,129,"Q5GBRb. Please tell me if you have a very favorable, somewhat favorable, somewhat unfavorable or very unfavorable opinion of ...? b. The Labour Party",Nominal,Input,8,Right,F1,F1,
partyfav_uk_libdems,130,"Q5GBRc. Please tell me if you have a very favorable, somewhat favorable, somewhat unfavorable or very unfavorable opinion of ...? c. The Liberal Democrats",Nominal,Input,8,Right,F1,F1,
partyfav_uk_brexit,131,"Q5GBRd. Please tell me if you have a very favorable, somewhat favorable, somewhat unfavorable or very unfavorable opinion of ...? d. Reform U.K. (The Brexit Party)",Nominal,Input,20,Right,F2,F2,
fav_mazen,132,"Q6a. Please tell me if you have a very favorable, somewhat favorable, somewhat unfavorable, or very unfavorable opinion of …? a. Abu Mazen",Nominal,Input,11,Right,F2,F2,
fav_barghouti,133,"Q6b. Please tell me if you have a very favorable, somewhat favorable, somewhat unfavorable, or very unfavorable opinion of …? b. Marwan Barghouti",Nominal,Input,15,Right,F2,F2,
confid_trump,134,Q7a. (SHORTENED) Tell me how much confidence you have in each leader to do the right thing regarding world affairs. a. U.S. President Donald Trump,Nominal,Input,14,Right,F2,F2,
confid_trump_dk,135,Q7aAUS. How much confidence do you have in each of the following leaders to do the right thing regarding world affairs? a. U.S. President Donald Trump,Nominal,Input,8,Right,F3,F3,
confid_xi,136,Q7b. (SHORTENED) Tell me how much confidence you have in each leader to do the right thing regarding world affairs. b. Chinese President Xi Jinping,Nominal,Input,11,Right,F2,F2,
confid_xi_dk,137,Q7bAUS. How much confidence do you have in each of the following leaders to do the right thing regarding world affairs? b. Chinese President Xi Jinping,Nominal,Input,8,Right,F3,F3,
confid_putin,138,Q7c. (SHORTENED) Tell me how much confidence you have in each leader to do the right thing regarding world affairs. c. Russian President Vladimir Putin,Nominal,Input,14,Right,F2,F2,
confid_putin_dk,139,Q7cAUS. How much confidence do you have in each of the following leaders to do the right thing regarding world affairs? c. Russian President Vladimir Putin,Nominal,Input,8,Right,F3,F3,
confid_macron,140,Q7d. (SHORTENED) Tell me how much confidence you have in each leader to do the right thing regarding world affairs. d. French President Emmanuel Macron,Nominal,Input,15,Right,F2,F2,
confid_macron_dk,141,Q7dAUS. How much confidence do you have in each of the following leaders to do the right thing regarding world affairs? d. French President Emmanuel Macron,Nominal,Input,8,Right,F3,F3,
confid_netanyahu,142,Q7e. (SHORTENED) Tell me how much confidence you have in each leader to do the right thing regarding world affairs. e. Israeli Prime Minister Benjamin Netanyahu,Nominal,Input,18,Right,F2,F2,
confid_netanyahu_dk,143,Q7eAUS. How much confidence do you have in each of the following leaders to do the right thing regarding world affairs? e. Israeli Prime Minister Benjamin Netanyahu,Nominal,Input,8,Right,F3,F3,
confid_zelenskyy,144,Q7f. (SHORTENED) Tell me how much confidence you have in each leader to do the right thing regarding world affairs. f. Ukrainian President Volodymyr Zelenskyy,Nominal,Input,18,Right,F2,F2,
confid_zelenskyy_dk,145,Q7fAUS. How much confidence do you have in each of the following leaders to do the right thing regarding world affairs? f. Ukrainian President Volodymyr Zelenskyy,Nominal,Input,8,Right,F3,F3,
trump_personality_qualified,146,Q8a. Please tell me whether you think the following describes U.S. President Donald Trump. Do you think of Donald Trump as ...? a. Well-qualified to be president,Nominal,Input,29,Right,F2,F2,
trump_personality_strong,147,Q8b. Please tell me whether you think the following describes U.S. President Donald Trump. Do you think of Donald Trump as ...? b. A strong leader,Nominal,Input,26,Right,F2,F2,
trump_personality_honest,148,Q8c. Please tell me whether you think the following describes U.S. President Donald Trump. Do you think of Donald Trump as ...? c. Honest,Nominal,Input,29,Right,F2,F2,
trump_personality_dangerous,149,Q8d. Please tell me whether you think the following describes U.S. President Donald Trump. Do you think of Donald Trump as ...? d. Dangerous,Nominal,Input,29,Right,F2,F2,
trump_personality_complex,150,Q8e. Please tell me whether you think the following describes U.S. President Donald Trump. Do you think of Donald Trump as ...? e. Able to understand complex problems,Nominal,Input,27,Right,F2,F2,
trump_personality_diplomatic,151,Q8f. Please tell me whether you think the following describes U.S. President Donald Trump. Do you think of Donald Trump as ...? f. Diplomatic,Nominal,Input,30,Right,F2,F2,
trump_personality_arrogant,152,Q8g. Please tell me whether you think the following describes U.S. President Donald Trump. Do you think of Donald Trump as ...? g. Arrogant,Nominal,Input,30,Right,F2,F2,
trump_handling_econ,153,Q9a. (SHORTENED) How much confidence do you have in U.S. President Donald Trump to handle each of the following issues? a. Global economic problems,Nominal,Input,21,Right,F2,F2,
trump_handling_climate,154,Q9b. (SHORTENED) How much confidence do you have in U.S. President Donald Trump to handle each of the following issues? b. Climate change,Nominal,Input,24,Right,F2,F2,
trump_handling_china,155,Q9c. (SHORTENED) How much confidence do you have in U.S. President Donald Trump to handle each of the following issues? c. Relations between China and the United States,Nominal,Input,22,Right,F2,F2,
trump_handling_rusukr,156,Q9d. (SHORTENED) How much confidence do you have in U.S. President Donald Trump to handle each of the following issues? d. The conflict between Russia and Ukraine,Nominal,Input,23,Right,F2,F2,
trump_handling_isrneigh,157,Q9e. (SHORTENED) How much confidence do you have in U.S. President Donald Trump to handle each of the following issues? e. The conflict between Israel and its neighbors,Nominal,Input,25,Right,F2,F2,
trump_handling_immigration,158,Q9f. (SHORTENED) How much confidence do you have in U.S. President Donald Trump to handle each of the following issues? f. United States' immigration policies,Nominal,Input,25,Right,F2,F2,
usdem_works,159,"Q10. Thinking about democracy in the United States, would you say it works very well, somewhat well, somewhat poorly or very poorly?",Nominal,Input,13,Right,F2,F2,
conflict_usparties,160,"Q11. In your opinion, in the United States, are the conflicts between people who support different political parties very strong, strong, not very strong or are there no conflicts at all?",Nominal,Input,20,Right,F2,F2,
econ_power,161,"Q12. Today, which ONE of the following do you think is the world’s leading economic power?",Nominal,Input,12,Right,F2,F2,
us_or_china,162,Q14. Is it more important for (survey country) to have strong economic ties with ...?,Nominal,Input,13,Right,F2,F2,
moral_state,163,"Q16. Generally, how would you rate the morality and ethics of (survey country nationality)s – are their morals very good, somewhat good, somewhat bad or very bad?",Nominal,Input,13,Right,F2,F2,
moral_affair,164,"Q17a. Do you personally believe that each of the following is morally acceptable, morally unacceptable, or is it not a moral issue? a. Married people having an affair",Nominal,Input,14,Right,F2,F2,
moral_homosexuality,165,"Q17b. Do you personally believe that each of the following is morally acceptable, morally unacceptable, or is it not a moral issue? b. Homosexuality",Nominal,Input,21,Right,F2,F2,
moral_abortion,166,"Q17c. Do you personally believe that each of the following is morally acceptable, morally unacceptable, or is it not a moral issue? c. Having an abortion",Nominal,Input,16,Right,F2,F2,
moral_gambling,167,"Q17d. Do you personally believe that each of the following is morally acceptable, morally unacceptable, or is it not a moral issue? d. Gambling",Nominal,Input,16,Right,F2,F2,
moral_contraceptives,168,"Q17e. Do you personally believe that each of the following is morally acceptable, morally unacceptable, or is it not a moral issue? e. Using contraceptives",Nominal,Input,22,Right,F2,F2,
moral_pornography,169,"Q17f. Do you personally believe that each of the following is morally acceptable, morally unacceptable, or is it not a moral issue? f. Viewing pornography",Nominal,Input,19,Right,F2,F2,
moral_marijuana,170,"Q17g. Do you personally believe that each of the following is morally acceptable, morally unacceptable, or is it not a moral issue? g. Using marijuana",Nominal,Input,17,Right,F2,F2,
moral_alcohol,171,"Q17h. Do you personally believe that each of the following is morally acceptable, morally unacceptable, or is it not a moral issue? h. Drinking alcohol",Nominal,Input,15,Right,F2,F2,
moral_divorce,172,"Q17i. Do you personally believe that each of the following is morally acceptable, morally unacceptable, or is it not a moral issue? i. Getting a divorce",Nominal,Input,15,Right,F2,F2,
believe_god,173,Q18. Please choose the statement that comes closer to your own views – even if neither is exactly right.,Nominal,Input,13,Right,F2,F2,
citizen_religion,174,"Q19Aa. [FORM 1] (SHORTENED) Thinking about what it means to be a good member of society, how important are the following aspects? a. Attending religious services regularly",Nominal,Input,18,Right,F2,F2,
citizen_vote,175,"Q19Ab. [FORM 1] (SHORTENED) Thinking about what it means to be a good member of society, how important are the following aspects? b. Voting in elections",Nominal,Input,14,Right,F2,F2,
citizen_follow,176,"Q19Ac. [FORM 1] (SHORTENED) Thinking about what it means to be a good member of society, how important are the following aspects? c. Following what is happening in politics in (survey country)",Nominal,Input,16,Right,F2,F2,
citizen_environment,177,"Q19Ad. [FORM 1] (SHORTENED) Thinking about what it means to be a good member of society, how important are the following aspects? d. Making choices that help reduce the effects of global climate change",Nominal,Input,21,Right,F2,F2,
citizen_protest,178,"Q19Ae. [FORM 1] (SHORTENED) Thinking about what it means to be a good member of society, how important are the following aspects? e. Joining demonstrations about issues you think are important",Nominal,Input,17,Right,F2,F2,
citizen5_religion,179,"Q19Ba. [FORM 2] (SHORTENED) Thinking about what it means to be a good member of society, how important are the following aspects? a. Attending religious services regularly",Nominal,Input,19,Right,F2,F2,
citizen5_vote,180,"Q19Bb. [FORM 2] (SHORTENED) Thinking about what it means to be a good member of society, how important are the following aspects? b. Voting in elections",Nominal,Input,15,Right,F2,F2,
citizen5_follow,181,"Q19Bc. [FORM 2] (SHORTENED) Thinking about what it means to be a good member of society, how important are the following aspects? c. Following what is happening in politics in (survey country)",Nominal,Input,17,Right,F2,F2,
citizen5_environment,182,"Q19Bd. [FORM 2] (SHORTENED) Thinking about what it means to be a good member of society, how important are the following aspects? d. Making choices that help reduce the effects of global climate change",Nominal,Input,22,Right,F2,F2,
citizen5_protest,183,"Q19Be. [FORM 2] (SHORTENED) Thinking about what it means to be a good member of society, how important are the following aspects? e. Joining demonstrations about issues you think are important",Nominal,Input,18,Right,F2,F2,
polsys_country,184,"Q20. Thinking about (survey country), would you say the political system needs to be completely reformed, needs major changes, needs minor changes, or doesn’t need to be changed?",Nominal,Input,16,Right,F2,F2,
polsys_countryfu,185,"Q21. [ASK IF polsys_country = 1, 2, 3] And how confident are you that (survey country)'s political system can be changed effectively - very confident, somewhat confident, not too confident, or not at all confident?",Nominal,Input,18,Right,F2,F2,
elections_four,186,"Q22A. [FORM 1] How confident are you that elections in (survey country) are conducted fairly and accurately - very confident, somewhat confident, not too confident, or not at all confident?",Nominal,Input,16,Right,F2,F2,
elections_five,187,"Q22B. [FORM 2] How confident are you that elections in (survey country) are conducted fairly and accurately - extremely confident, very confident, somewhat confident, not too confident, or not at all confident?",Nominal,Input,16,Right,F2,F2,
officials_trait_understand,188,"Q23a. (SHORTENED) Thinking about elected officials in (survey country), would you say each of the following statements applies to ...? a. They understand the needs of ordinary people",Nominal,Input,28,Right,F2,F2,
officials_trait_focus,189,"Q23b. (SHORTENED) Thinking about elected officials in (survey country), would you say each of the following statements applies to ...? b. They focus on the most important problems in (survey country)",Nominal,Input,23,Right,F2,F2,
officials_trait_qualified,190,"Q23c. (SHORTENED) Thinking about elected officials in (survey country), would you say each of the following statements applies to ...? c. They are well-qualified for their positions",Nominal,Input,27,Right,F2,F2,
officials_trait_ethical,191,"Q23d. (SHORTENED) Thinking about elected officials in (survey country), would you say each of the following statements applies to ...? d. They are ethical",Nominal,Input,25,Right,F2,F2,
officials_trait_honest,192,"Q23e. (SHORTENED) Thinking about elected officials in (survey country), would you say each of the following statements applies to ...? e. They are honest",Nominal,Input,24,Right,F2,F2,
intthreat_climatechange,193,"Q24a. (SHORTENED) Do you think that each of the following is a major threat, a minor threat, or not a threat to (survey country)? a. Global climate change",Nominal,Input,25,Right,F2,F2,
intthreat_econcondition,194,"Q24b. (SHORTENED) Do you think that each of the following is a major threat, a minor threat, or not a threat to (survey country)? b. The condition of the global economy",Nominal,Input,25,Right,F2,F2,
intthreat_disease,195,"Q24c. (SHORTENED) Do you think that each of the following is a major threat, a minor threat, or not a threat to (survey country)? c. The spread of infectious diseases",Nominal,Input,19,Right,F2,F2,
intthreat_misinfo,196,"Q24d. (SHORTENED) Do you think that each of the following is a major threat, a minor threat, or not a threat to (survey country)? d. The spread of false information online",Nominal,Input,19,Right,F2,F2,
intthreat_terrorism,197,"Q24f. (SHORTENED) Do you think that each of the following is a major threat, a minor threat, or not a threat to (survey country)? f. Terrorism",Nominal,Input,21,Right,F2,F2,
allies_open,198,Q25. What country do you think is (survey country)’s most important ally?,Scale,Input,21,Right,F8,F8,
threats_open,199,Q26. What country do you think poses the greatest threat to (survey country)?,Scale,Input,22,Right,F8,F8,
threat_type_econ,200,"Q27a. [ASK IF threats_open =/= 96, 98, 99] (SHORTENED) To what extent does the country you mentioned in the previous question pose a threat to each of the following? a. (survey country)'s economy",Nominal,Input,18,Right,F2,F2,
threat_type_security,201,"Q27b. [ASK IF threats_open =/= 96, 98, 99] (SHORTENED) To what extent does the country you mentioned in the previous question pose a threat to each of the following? b. (survey country)'s national security",Nominal,Input,22,Right,F2,F2,
ai_heard,202,"Q30. Artificial intelligence, also known as AI, is designed to learn tasks that humans typically do, for instance recognizing speech or pictures. Have you heard or read a lot, a little, or nothing at all about artificial intelligence?",Nominal,Input,10,Right,F2,F2,
ai_cncexc,203,"Q31. Overall, how would you say the increased use of artificial intelligence in daily life makes you feel?",Nominal,Input,8,Right,F2,F2,
aireg_us,204,Q32a. (SHORTENED) How much trust do you have in each of the following countries and organizations to regulate the use of artificial intelligence effectively? a. The United States,Nominal,Input,10,Right,F2,F2,
aireg_china,205,Q32b. (SHORTENED) How much trust do you have in each of the following countries and organizations to regulate the use of artificial intelligence effectively? b. China,Nominal,Input,13,Right,F2,F2,
aireg_eu,206,Q32c. (SHORTENED) How much trust do you have in each of the following countries and organizations to regulate the use of artificial intelligence effectively? c. The European Union,Nominal,Input,10,Right,F2,F2,
aireg_country,207,Q32d. (SHORTENED) How much trust do you have in each of the following countries and organizations to regulate the use of artificial intelligence effectively? d. (survey country),Nominal,Input,15,Right,F2,F2,
china_rights,208,"Q33a. (SHORTENED) For each one, tell me if you think it is a very serious problem, a somewhat serious problem, not too serious of a problem, or not a problem at all for (survey country)? a. China's policies on human rights",Nominal,Input,14,Right,F2,F2,
china_econcomp,209,"Q33b. (SHORTENED) For each one, tell me if you think it is a very serious problem, a somewhat serious problem, not too serious of a problem, or not a problem at all for (survey country)? b. Economic competition with China",Nominal,Input,16,Right,F2,F2,
china_milpower,210,"Q33c. (SHORTENED) For each one, tell me if you think it is a very serious problem, a somewhat serious problem, not too serious of a problem, or not a problem at all for (survey country)? c. China's military power",Nominal,Input,16,Right,F2,F2,
china_politics,211,"Q33d. (SHORTENED) For each one, tell me if you think it is a very serious problem, a somewhat serious problem, not too serious of a problem, or not a problem at all for (survey country)? d. China's involvement in politics in (survey country)",Nominal,Input,16,Right,F2,F2,
china_debt,212,"Q33e. (SHORTENED) For each one, tell me if you think it is a very serious problem, a somewhat serious problem, not too serious of a problem, or not a problem at all for (survey country)? e. The amount of debt (survey country) owes to China",Nominal,Input,12,Right,F2,F2,
china_territory,213,"Q34. Do you think China’s territorial disputes with India are a very serious problem, somewhat serious problem, not too serious a problem or not a problem at all for India?",Nominal,Input,17,Right,F2,F2,
china_invest,214,"Q35. Which of these statements comes closer to your view, even if neither is exactly right?",Nominal,Input,14,Right,F2,F2,
us_rights,215,"Q36a. (SHORTENED) For each one, tell me if you think it is a very serious problem, a somewhat serious problem, not too serious of a problem, or not a problem at all for (survey country)? a. The United States' policies on human rights",Nominal,Input,11,Right,F2,F2,
us_econcomp,216,"Q36b. (SHORTENED) For each one, tell me if you think it is a very serious problem, a somewhat serious problem, not too serious of a problem, or not a problem at all for (survey country)? b. Economic competition with the U.S.",Nominal,Input,13,Right,F2,F2,
us_milpower,217,"Q36c. (SHORTENED) For each one, tell me if you think it is a very serious problem, a somewhat serious problem, not too serious of a problem, or not a problem at all for (survey country)? c. The United States' military power",Nominal,Input,13,Right,F2,F2,
us_politics,218,"Q36d. (SHORTENED) For each one, tell me if you think it is a very serious problem, a somewhat serious problem, not too serious of a problem, or not a problem at all for (survey country)? d. The United States’ involvement in politics in (survey country)",Nominal,Input,13,Right,F2,F2,
us_debt,219,"Q36e. (SHORTENED) For each one, tell me if you think it is a very serious problem, a somewhat serious problem, not too serious of a problem, or not a problem at all for (survey country)? e. The amount of debt (survey country) owes to the U.S.",Nominal,Input,9,Right,F2,F2,
us_invest,220,"Q37. Which of these statements comes closer to your view, even if neither is exactly right?",Nominal,Input,11,Right,F2,F2,
climate_local,221,"Q38. Do you think that global climate change is affecting the area where you live a great deal, some, not too much or not at all?",Nominal,Input,15,Right,F2,F2,
climate_effects,222,Q39B. [FORM 2] I am going to read you a list of possible effects of global climate change. Which one of these effects concerns you most?,Nominal,Input,18,Right,F2,F2,
climate_concern,223,"Q40. How concerned are you, if at all, that global climate change will harm you personally at some point in your lifetime? Are you very concerned, somewhat concerned, not too concerned or not at all concerned?",Nominal,Input,17,Right,F2,F2,
climate_behavior,224,"Q41. (SHORTENED) How much, if anything, would you be willing to change about how you live and work to help reduce the effects of global climate change?",Nominal,Input,18,Right,F2,F2,
wealth_emissions,225,Q42. Which of the following do you think should matter more in deciding how much a country does to address global climate change?,Nominal,Input,18,Right,F2,F2,
climate_intlcommunity,226,"Q43. How confident are you that actions taken by the international community will significantly reduce the effects of global climate change – very confident, somewhat confident, not too confident, or not at all confident?",Nominal,Input,23,Right,F2,F2,
growinflu_country,227,Q44. Would you say (survey country)'s influence in the world in recent years has been...?,Nominal,Input,19,Right,F2,F2,
brderjob,228,"Q45. How would you rate the job the U.S. government is doing dealing with the large number of people seeking asylum at the U.S. border with Mexico – a very good job, a somewhat good job, a somewhat bad job, or a very bad job?",Nominal,Input,10,Right,F2,F2,
brderjob_mex,229,"Q46. How would you rate the job the Mexican government is doing dealing with the large number of people seeking asylum at the U.S. border with Mexico – a very good job, a somewhat good job, a somewhat bad job, or a very bad job?",Nominal,Input,14,Right,F2,F2,
mex_court_approve,230,"Q47. Do you strongly approve, somewhat approve, somewhat disapprove or strongly disapprove of the law passed last year that requires all judges in Mexico to be elected by popular vote?",Nominal,Input,19,Right,F2,F2,
discrim2_hindu,231,"Q48Aa. [FORM 1] Just your impression, in India today, is there a lot of discrimination against ...? a. Hindus",Nominal,Input,16,Right,F2,F2,
discrim2_muslim,232,"Q48Ab. [FORM 1] Just your impression, in India today, is there a lot of discrimination against ...? b. Muslims",Nominal,Input,17,Right,F2,F2,
discrim2_christian,233,"Q48Ac. [FORM 1] Just your impression, in India today, is there a lot of discrimination against ...? c. Christians",Nominal,Input,20,Right,F2,F2,
discrim2_sikh,234,"Q48Ad. [FORM 1] Just your impression, in India today, is there a lot of discrimination against ...? d. Sikhs",Nominal,Input,15,Right,F2,F2,
discrim2_buddhist,235,"Q48Ae. [FORM 1] Just your impression, in India today, is there a lot of discrimination against ...? e. Buddhists",Nominal,Input,19,Right,F2,F2,
discrim2_jain,236,"Q48Af. [FORM 1] Just your impression, in India today, is there a lot of discrimination against ...? f. Jains",Nominal,Input,15,Right,F2,F2,
discrim2_sc,237,"Q48Ag. [FORM 1] Just your impression, in India today, is there a lot of discrimination against ...? g. Members of Scheduled Castes",Nominal,Input,13,Right,F2,F2,
discrim2_st,238,"Q48Ah. [FORM 1] Just your impression, in India today, is there a lot of discrimination against ...? h. Members of Scheduled Tribes",Nominal,Input,13,Right,F2,F2,
discrim2_obc,239,"Q48Ai. [FORM 1] Just your impression, in India today, is there a lot of discrimination against ...? i. Members of Other Backward Classes",Nominal,Input,14,Right,F2,F2,
discrim2_women,240,"Q48Aj. [FORM 1] Just your impression, in India today, is there a lot of discrimination against ...? j. Women",Nominal,Input,16,Right,F2,F2,
discrim2_men,241,"Q48Ak. [FORM 1] Just your impression, in India today, is there a lot of discrimination against ...? k. Men",Nominal,Input,14,Right,F2,F2,
discrim4_hindu,242,"Q48Ba. [FORM 2] Just your impression, in India today, is there a lot of discrimination, some discrimination, not too much discrimination, or no discrimination at all against ...? a. Hindus",Nominal,Input,16,Right,F2,F2,
discrim4_muslim,243,"Q48Bb. [FORM 2] Just your impression, in India today, is there a lot of discrimination, some discrimination, not too much discrimination, or no discrimination at all against ...? b. Muslims",Nominal,Input,17,Right,F2,F2,
discrim4_christian,244,"Q48Bc. [FORM 2] Just your impression, in India today, is there a lot of discrimination, some discrimination, not too much discrimination, or no discrimination at all against ...? c. Christians",Nominal,Input,20,Right,F2,F2,
discrim4_sikh,245,"Q48Bd. [FORM 2] Just your impression, in India today, is there a lot of discrimination, some discrimination, not too much discrimination, or no discrimination at all against ...? d. Sikhs",Nominal,Input,15,Right,F2,F2,
discrim4_buddhist,246,"Q48Be. [FORM 2] Just your impression, in India today, is there a lot of discrimination, some discrimination, not too much discrimination, or no discrimination at all against ...? e. Buddhists",Nominal,Input,19,Right,F2,F2,
discrim4_jain,247,"Q48Bf. [FORM 2] Just your impression, in India today, is there a lot of discrimination, some discrimination, not too much discrimination, or no discrimination at all against ...? f. Jains",Nominal,Input,15,Right,F2,F2,
discrim4_sc,248,"Q48Bg. [FORM 2] Just your impression, in India today, is there a lot of discrimination, some discrimination, not too much discrimination, or no discrimination at all against ...? g. Members of Scheduled Castes",Nominal,Input,13,Right,F2,F2,
discrim4_st,249,"Q48Bh. [FORM 2] Just your impression, in India today, is there a lot of discrimination, some discrimination, not too much discrimination, or no discrimination at all against ...? h. Members of Scheduled Tribes",Nominal,Input,13,Right,F2,F2,
discrim4_obc,250,"Q48Bi. [FORM 2] Just your impression, in India today, is there a lot of discrimination, some discrimination, not too much discrimination, or no discrimination at all against ...? i. Members of Other Backwards Classes",Nominal,Input,14,Right,F2,F2,
discrim4_women,251,"Q48Bj. [FORM 2] Just your impression, in India today, is there a lot of discrimination, some discrimination, not too much discrimination, or no discrimination at all against ...? j. Women",Nominal,Input,16,Right,F2,F2,
discrim4_men,252,"Q48Bk. [FORM 2] Just your impression, in India today, is there a lot of discrimination, some discrimination, not too much discrimination, or no discrimination at all against ...? k. Men",Nominal,Input,14,Right,F2,F2,
socladder_self,253,"Q49. (SHORTENED) Imagine South African society as a ladder. Where would you put yourself on this ladder, if 10 is at the top and 0 is the bottom?",Nominal,Input,16,Right,F2,F2,
socladder_black,254,"Q50a. Using the same ladder, where would you say each of the following groups fall in South Africa today, if 10 is the top and 0 is the bottom? a. Black South Africans",Nominal,Input,17,Right,F2,F2,
socladder_white,255,"Q50b. Using the same ladder, where would you say each of the following groups fall in South Africa today, if 10 is the top and 0 is the bottom? b. White South Africans",Nominal,Input,17,Right,F2,F2,
socladder_coloured,256,"Q50c. Using the same ladder, where would you say each of the following groups fall in South Africa today, if 10 is the top and 0 is the bottom? c. Coloured South Africans",Nominal,Input,20,Right,F2,F2,
socladder_past_black,257,"Q51a. Using the same ladder, where would you say each of the following groups fell 30 years ago? a. Black South Africans",Nominal,Input,22,Right,F2,F2,
socladder_past_white,258,"Q51b. Using the same ladder, where would you say each of the following groups fell 30 years ago? b. White South Africans",Nominal,Input,22,Right,F2,F2,
socladder_past_coloured,259,"Q51c. Using the same ladder, where would you say each of the following groups fell 30 years ago? c. Coloured South Africans",Nominal,Input,25,Right,F2,F2,
respect_current,260,"Q53. How respected is (survey country) around the world – very respected, somewhat respected, not too respected or not at all respected?",Nominal,Input,17,Right,F2,F2,
jewish_settlements,261,"Q77. In your opinion, does the continued building of Jewish settlements in the West Bank help the security of Israel, hurt the security of Israel, or does it not make a difference?",Nominal,Input,20,Right,F2,F2,
palstate_intl,262,"Q78. How likely do you think it is that the international community will recognize an independent Palestinian state in the next five years – very likely, somewhat likely, somewhat unlikely, or very unlikely?",Nominal,Input,15,Right,F2,F2,
isr_pal_coexist,263,"Q79. Do you think a way can be found for Israel and an independent Palestinian state to coexist peacefully with each other, or not?",Nominal,Input,17,Right,F2,F2,
isr_pal_coexist2,264,"Q80. [ASK IF isr_pal_coexist = 1, 3] And would you expect the independent Palestinian state to be in the West Bank, in Gaza or both?",Nominal,Input,18,Right,F2,F2,
isrcommit_isrpeople,265,"Q81a. Do you think each of the following groups are very committed, somewhat committed, not too committed or not at all committed to working toward lasting peace between Israelis and Palestinians? a. The Israeli people",Nominal,Input,21,Right,F2,F2,
isrcommit_palpeople,266,"Q81b. Do you think each of the following groups are very committed, somewhat committed, not too committed or not at all committed to working toward lasting peace between Israelis and Palestinians? b. The Palestinian people",Nominal,Input,21,Right,F2,F2,
isrcommit_isrgovt,267,"Q81c. Do you think each of the following groups are very committed, somewhat committed, not too committed or not at all committed to working toward lasting peace between Israelis and Palestinians? c. The Israeli government",Nominal,Input,19,Right,F2,F2,
isrcommit_hamas,268,"Q81d. Do you think each of the following groups are very committed, somewhat committed, not too committed or not at all committed to working toward lasting peace between Israelis and Palestinians? d. Hamas",Nominal,Input,17,Right,F2,F2,
isrcommit_pa,269,"Q81e. Do you think each of the following groups are very committed, somewhat committed, not too committed or not at all committed to working toward lasting peace between Israelis and Palestinians? e. The Palestinian Authority",Nominal,Input,14,Right,F2,F2,
isrobstacle_settlements,270,"Q82a. (SHORTENED) Do you think __ is a major obstacle, minor obstacle or not an obstacle at all to working toward lasting peace between Israelis and Palestinians, or are you not sure? a. Israeli settlements in the West Bank",Nominal,Input,25,Right,F2,F2,
isrobstacle_jerusalem,271,"Q82b. (SHORTENED) Do you think __ is a major obstacle, minor obstacle or not an obstacle at all to working toward lasting peace between Israelis and Palestinians, or are you not sure? b. The status of Jerusalem",Nominal,Input,23,Right,F2,F2,
isrobstacle_poldiff,272,"Q82c. (SHORTENED) Do you think __ is a major obstacle, minor obstacle or not an obstacle at all to working toward lasting peace between Israelis and Palestinians, or are you not sure? c. Conflict between the left and right in Israel",Nominal,Input,21,Right,F2,F2,
isrobstacle_hfdiff,273,"Q82d. (SHORTENED) Do you think __ is a major obstacle, minor obstacle or not an obstacle at all to working toward lasting peace between Israelis and Palestinians, or are you not sure? d. Conflict between Hamas and Fatah",Nominal,Input,20,Right,F2,F2,
isrobstacle_trust,274,"Q82e. (SHORTENED) Do you think __ is a major obstacle, minor obstacle or not an obstacle at all to working toward lasting peace between Israelis and Palestinians, or are you not sure? e. Lack of trust between Israelis and Palestinians",Nominal,Input,19,Right,F2,F2,
isrpal_influ_us,275,"Q83a. (SHORTENED) Thinking about __, are they very helpful, somewhat helpful, somewhat harmful, or very harmful when it comes to working toward lasting peace between Israelis and Palestinians? a. The United States",Nominal,Input,17,Right,F2,F2,
isrpal_influ_qatar,276,"Q83b. (SHORTENED) Thinking about __, are they very helpful, somewhat helpful, somewhat harmful, or very harmful when it comes to working toward lasting peace between Israelis and Palestinians? b. Qatar",Nominal,Input,20,Right,F2,F2,
isrpal_influ_un,277,"Q83c. (SHORTENED) Thinking about __, are they very helpful, somewhat helpful, somewhat harmful, or very harmful when it comes to working toward lasting peace between Israelis and Palestinians? c. The United Nations",Nominal,Input,17,Right,F2,F2,
isrpal_influ_sa,278,"Q83d. (SHORTENED) Thinking about __, are they very helpful, somewhat helpful, somewhat harmful, or very harmful when it comes to working toward lasting peace between Israelis and Palestinians? d. Saudi Arabia",Nominal,Input,17,Right,F2,F2,
isrpal_influ_egypt,279,"Q83e. (SHORTENED) Thinking about __, are they very helpful, somewhat helpful, somewhat harmful, or very harmful when it comes to working toward lasting peace between Israelis and Palestinians? e. Egypt",Nominal,Input,20,Right,F2,F2,
isrpal_influ_china,280,"Q83f. (SHORTENED) Thinking about __, are they very helpful, somewhat helpful, somewhat harmful, or very harmful when it comes to working toward lasting peace between Israelis and Palestinians? f. China",Nominal,Input,20,Right,F2,F2,
isrpal_influ_iran,281,"Q83g. (SHORTENED) Thinking about __, are they very helpful, somewhat helpful, somewhat harmful, or very harmful when it comes to working toward lasting peace between Israelis and Palestinians? g. Iran",Nominal,Input,19,Right,F2,F2,
trump_favorisrpal,282,Q84. Do you think U.S. President Donald Trump is...?,Nominal,Input,19,Right,F2,F2,
govern_gaza,283,"Q85. After the war ends, which of the following groups do you think should govern the Gaza Strip?",Nominal,Input,13,Right,F2,F2,
gender,284,Q88. Gender of respondent,Nominal,Input,5,Right,F2,F2,
gender_australia,285,Q88AUS. Gender of respondent - Australia,Nominal,Input,18,Right,F8,F8,
age,286,Q89. What is your age?,Nominal,Input,5,Right,F2,F2,
age_australia,287,Q89AUS. Age - Australia,Nominal,Input,15,Right,F8,F8,
d_age_argentina,288,"Q89bARG. [ASK IF age = 98, 99] Could you tell me if you are between the ages of...?",Nominal,Input,17,Right,F2,F2,
d_age_brazil,289,"Q89bBRA. [ASK IF age = 98, 99] Could you tell me if you are between the ages of...?",Nominal,Input,14,Right,F2,F2,
d_age_canada,290,"Q89bCAN. [ASK IF age = 98, 99] Could you tell me if you are between the ages of...?",Nominal,Input,14,Right,F2,F2,
d_age_france,291,"Q89bFRA. [ASK IF age = 98, 99] Could you tell me if you are between the ages of...?",Nominal,Input,14,Right,F2,F2,
d_age_germany,292,"Q89bDEU. [ASK IF age = 98, 99] Could you tell me if you are between the ages of...?",Nominal,Input,15,Right,F2,F2,
d_age_greece,293,"Q89bGRC. [ASK IF age = 98, 99] Could you tell me if you are between the ages of...?",Nominal,Input,14,Right,F2,F2,
d_age_hungary,294,"Q89bHUN. [ASK IF age = 98, 99] Could you tell me if you are between the ages of...?",Nominal,Input,15,Right,F2,F2,
d_age_india,295,"Q89bIND. [ASK IF age = 98, 99] Could you tell me if you are between the ages of...?",Nominal,Input,13,Right,F2,F2,
d_age_indonesia,296,"Q89bIDN. [ASK IF age = 98, 99] Could you tell me if you are between the ages of...?",Nominal,Input,17,Right,F2,F2,
d_age_israel,297,"Q89bISR. [ASK IF age = 98, 99] Could you tell me if you are between the ages of...?",Nominal,Input,14,Right,F2,F2,
d_age_italy,298,"Q89bITA. [ASK IF age = 98, 99] Could you tell me if you are between the ages of...?",Nominal,Input,13,Right,F2,F2,
d_age_japan,299,"Q89bJPN. [ASK IF age = 98, 99] Could you tell me if you are between the ages of...?",Nominal,Input,13,Right,F2,F2,
d_age_kenya,300,"Q89bKEN. [ASK IF age = 98, 99] Could you tell me if you are between the ages of...?",Nominal,Input,13,Right,F2,F2,
d_age_mexico,301,"Q89bMEX. [ASK IF age = 98, 99] Could you tell me if you are between the ages of...?",Nominal,Input,14,Right,F2,F2,
d_age_netherlands,302,"Q89bNLD. [ASK IF age = 98, 99] Could you tell me if you are between the ages of...?",Nominal,Input,19,Right,F2,F2,
d_age_nigeria,303,"Q89bNGA. [ASK IF age = 98, 99] Could you tell me if you are between the ages of...?",Nominal,Input,15,Right,F2,F2,
d_age_poland,304,"Q89bPOL. [ASK IF age = 98, 99] Could you tell me if you are between the ages of...?",Nominal,Input,14,Right,F2,F2,
d_age_safrica,305,"Q89bZAF. [ASK IF age = 98, 99] Could you tell me if you are between the ages of...?",Nominal,Input,15,Right,F2,F2,
d_age_skorea,306,"Q89bKOR. [ASK IF age = 98, 99] Could you tell me if you are between the ages of...?",Nominal,Input,14,Right,F2,F2,
d_age_spain,307,"Q89bESP. [ASK IF age = 98, 99] Could you tell me if you are between the ages of...?",Nominal,Input,13,Right,F2,F2,
d_age_sweden,308,"Q89bSWE. [ASK IF age = 98, 99] Could you tell me if you are between the ages of...?",Nominal,Input,14,Right,F2,F2,
d_age_turkey,309,"Q89bTUR. [ASK IF age = 98, 99] Could you tell me if you are between the ages of...?",Nominal,Input,14,Right,F2,F2,
d_age_uk,310,"Q89bGBR. [ASK IF age = 98, 99] Could you tell me if you are between the ages of...?",Nominal,Input,10,Right,F2,F2,
religion_combined,311,Q90A. Religion - Combined. NOT FOR POINT ESTIMATES. Only groups with sufficient sample size to report on separately are populated. Includes recoded open-end responses. Refer to questionnaire Appendix A for country-specific wording.,Nominal,Input,19,Right,F8,F8,
religion_christian,312,Q90B. Religion - Christians. NOT FOR POINT ESTIMATES. Only groups with sufficient sample size to report on separately are populated. Includes recoded open-end responses. Refer to questionnaire Appendix A for country-specific wording.,Nominal,Input,20,Right,F8,F8,
religion_none,313,Q90C. Religion - None. NOT FOR POINT ESTIMATES. Only groups with sufficient sample size to report on separately are populated. Includes recoded open-end responses. Refer to questionnaire Appendix A for country-specific wording.,Nominal,Input,15,Right,F8,F8,
religion_israel_jewish,314,Q90ISR. [ASK IF JEWISH] How would you define yourself religiously?,Nominal,Input,27,Right,F8,F8,
christdenom_pent,315,"Q91. [ASK IF CHRISTIAN] Would you describe yourself as Pentecostal, or not?",Nominal,Input,18,Right,F2,F2,
prot_church,316,Q92. [ASK IF PROTESTANT] Do you belong to...?,Nominal,Input,13,Right,F2,F2,
religion_import,317,"Q93. How important is religion in your life: very important, somewhat important, not too important or not at all important?",Nominal,Input,17,Right,F2,F2,
pray_freq,318,"Q94. Outside of attending religious services, do you pray several times a day, once a day, a few times a week, once a week, a few times a month, less often than that, OR never?",Nominal,Input,11,Right,F2,F2,
pray_salah,319,"Q95. [ASK IF MUSLIM AND pray_freq = 1] Do you pray all five Salah every day, or not?",Nominal,Input,12,Right,F2,F2,
d_educ_argentina,320,Q96ARG. What is the highest level of school you have completed or the highest degree you have received?,Nominal,Input,23,Right,F2,F2,
d_educ_australia,321,Q96AUS. Education - Australia,Nominal,Input,8,Right,F3,F3,
d_educ_brazil,322,Q96BRA. What is the highest level of education you have completed?,Nominal,Input,20,Right,F2,F2,
d_educ_canada,323,Q96CAN. What is the highest level of school you have completed or the highest degree you have received?,Nominal,Input,20,Right,F2,F2,
d_educ_france,324,Q96FRA. What is the highest level of school you have completed or the highest degree you have received?,Nominal,Input,15,Right,F2,F2,
d_educ_germany,325,Q96DEUa. What is the highest level of school you have completed or the highest degree you have received?,Nominal,Input,21,Right,F2,F2,
d_educ_germany_vocational,326,Q96DEUb. Have you completed an apprenticeship?,Nominal,Input,27,Right,F2,F2,
d_educ_greece,327,Q96GRC. What is the highest level of school you have completed or the highest degree you have received?,Nominal,Input,15,Right,F2,F2,
d_educ_hungary,328,Q96HUN. What is the highest level of school you have completed?,Nominal,Input,16,Right,F2,F2,
d_educ_india,329,Q96IND. What is the highest level of school you have completed or the highest degree you have received?,Nominal,Input,14,Right,F2,F2,
d_educ_indonesia,330,Q96IDN. What is the highest level of school you have completed or the highest degree you have received?,Nominal,Input,18,Right,F2,F2,
d_educ_israel,331,Q96ISRa. What is the highest level of school you have completed?,Nominal,Input,15,Right,F2,F2,
d_educ_israel_years,332,"Q96ISRb. In total, how many years of schooling or education have you attended?",Nominal,Input,21,Right,F2,F2,
d_educ_israel_vocational,333,Q96ISRc. Have you completed any vocational training?,Nominal,Input,26,Right,F2,F2,
d_educ_italy,334,Q96ITA. What is the highest degree you have received?,Nominal,Input,19,Right,F2,F2,
d_educ_japan,335,Q96JPN. What is the highest level of school you have completed?,Nominal,Input,14,Right,F2,F2,
d_educ_kenya,336,Q96KEN. What is the highest level of school you have completed?,Nominal,Input,14,Right,F2,F2,
d_educ_mexico,337,Q96MEX. What is the highest level of school you have completed or the highest degree you have received?,Nominal,Input,20,Right,F2,F2,
d_educ_netherlands,338,Q96NLD. What is the highest level of school you have completed or the highest degree you have received?,Nominal,Input,20,Right,F2,F2,
d_educ_nigeria,339,Q96NGA. What is the highest level of school you have completed or the highest degree you have received?,Nominal,Input,16,Right,F2,F2,
d_educ_poland,340,Q96POL. What is the highest level of school you have completed or the highest degree you have received?,Nominal,Input,8,Right,F2,F2,
d_educ_safrica,341,Q96ZAF. What is the highest level of school you have completed or the highest degree you have received?,Nominal,Input,21,Right,F2,F2,
d_educ_skorea,342,Q96KOR. What is the highest level of school you have completed?,Nominal,Input,20,Right,F2,F2,
d_educ_spain,343,Q96ESP. What is the highest level of school you have completed?,Nominal,Input,14,Right,F2,F2,
d_educ_sweden,344,Q96SWE. What is the highest level of school you have completed or the highest degree you have received?,Nominal,Input,15,Right,F2,F2,
d_educ_turkey,345,Q96TUR. What is the highest level of school you have completed?,Nominal,Input,15,Right,F2,F2,
d_educ_uk,346,Q96GBR. What is the highest level of school you have completed or the highest degree you have received?,Nominal,Input,16,Right,F2,F2,
d_income_argentina,347,"Q97ARGa. Here is a list of incomes. Which one corresponds to your total monthly household income, including salaries, retirement income or pensions, and any other family income before taxes and other deductions?",Nominal,Input,20,Right,F2,F2,
d_income2_argentina,348,"Q97ARGb. [ASK IF d_income_argentina = 98, 99] A general category will help us. Was your household's monthly income in 2024 $400.000 or less, or was it more than $400.000?",Nominal,Input,21,Right,F2,F2,
d_income_brazil,349,"Q97BRAa. Here is a list of income categories. Which of these does your monthly household income fall into, counting all salaries, pensions, and other income received, before taxes and other deductions?",Nominal,Input,17,Right,F2,F2,
d_income2_brazil,350,"Q97BRAb. [ASK IF d_income_brazil = 98, 99] A general category will help us. Was your household's monthly income in 2024 R$ 2.400 or less, or was it more than R$ 2.400?",Nominal,Input,18,Right,F2,F2,
d_income_canada,351,"Q97CANa. Last year, this is in 2024, what was your total family income from all sources, before taxes? Just stop me when I get to the right category.",Nominal,Input,8,Right,F2,F2,
d_income2_canada,352,"Q97CANb. [ASK IF d_income_canada = 98, 99] A general category will help us. Was your household's total annual income in 2024 $65,000 or less, or was it more than $65,000?",Nominal,Input,23,Right,F2,F2,
d_income_france,353,"Q97FRAa. We would like to know at what level you are, counting all the income in your household, such as: salaries, social benefits, pensions, and other income, before taxes. As I cite categories of MONTHLY income, tell me in which category you fall.",Nominal,Input,8,Right,F2,F2,
d_income2_france,354,"Q97FRAb. [ASK IF d_income_france = 98, 99] A general category will help us. Was your household's monthly income in 2024 2,150 euros or less, or was it more than 2,150 euros?",Nominal,Input,18,Right,F2,F2,
d_income_germany,355,"Q97DEUa. If you count it all together, how high is your monthly net income that all members of your household receive, after taxes and social security?",Nominal,Input,18,Right,F2,F2,
d_income2_germany,356,"Q97DEUb. [ASK IF d_income_germany = 98, 99] A general category will help us. Was your household's net monthly income in 2024 2,800 euros or less, or was it more than 2,800 euros?",Nominal,Input,19,Right,F2,F2,
d_income_greece,357,"Q97GRCa. I would like you to tell me in which category of monthly income your household belongs, from the categories I'm going to read to you. Please include all your income, pensions, and any other income you may have, after taxes.",Nominal,Input,17,Right,F2,F2,
d_income2_greece,358,"Q97GRCb. [ASK IF d_income_greece = 98, 99] A general category will help us. Was your household's monthly income in 2024 1,300 or less, or was it more than 1,300 euros?",Nominal,Input,18,Right,F2,F2,
d_income_hungary,359,"Q97HUNa. I would like you to tell me in which category of monthly income your household belongs, from the categories I'm going to read to you. Please include all your income, pensions, and any other income you may have, after taxes.",Nominal,Input,18,Right,F2,F2,
d_income2_hungary,360,"Q97HUNb. [ASK IF d_income_hungary = 98, 99] A general category will help us. Was your household's monthly income in 2024 450,000 HUF or less, or was it more than 450,000 HUF?",Nominal,Input,19,Right,F2,F2,
d_income_india,361,"Q97INDa. Which of these categories does your household fall into counting all wages, salaries, pensions and other income that comes in, before taxes and other deductions?",Nominal,Input,16,Right,F2,F2,
d_income2_india,362,"Q97INDb. [ASK IF d_income_india = 98, 99] A general category will help us. Was your household's monthly income in 2024 8,500 rupees or less, or was it more than 8,500 rupees?",Nominal,Input,17,Right,F2,F2,
d_income_indonesia,363,"Q97IDNa. Here is a list of incomes. Which of these does your household fall into counting all wages, salaries, pensions and other incomes that come in, before taxes and other deductions?",Nominal,Input,8,Right,F2,F2,
d_income2_indonesia,364,"Q97IDNb. [ASK IF d_income_indonesia = 98, 99] A general category will help us. Was your household's monthly income in 2024 RP 2,500,000 or less, or was it more than RP 2,500,000?",Nominal,Input,21,Right,F2,F2,
d_income_israel,365,Q97ISRa. Which category best describes your total household income before taxes?,Nominal,Input,17,Right,F2,F2,
d_income2_israel,366,"Q97ISRb. [ASK IF d_income_israel = 98, 99] A general category will help us. Was your household's monthly income in 2024 13,000 NIS or less, or was it more than 13,000 NIS?",Nominal,Input,18,Right,F2,F2,
d_income_italy,367,"Q97ITAa. Could you indicate what is the total monthly income of your household, taking into account all wages, annuities, pensions and other income, after taxes?",Nominal,Input,8,Right,F2,F2,
d_income2_italy,368,"Q97ITAb. [ASK IF d_income_italy = 98, 99] A general category will help us. Was your household's monthly income in 2024 1,500 euros or less, or was it more than 1,500 euros?",Nominal,Input,17,Right,F2,F2,
d_income_japan,369,"Q97JPNa. Here is a list of annual household incomes. Which of these does your household fall into counting all wages, salaries, pensions and other incomes that come in, before taxes?",Nominal,Input,16,Right,F2,F2,
d_income2_japan,370,"Q97JPNb. [ASK IF d_income_japan = 98, 99] A general category will help us. Was your household's annual income in 2024 3,750,000 yen or less, or was it more than 3,750,000 yen?",Nominal,Input,17,Right,F2,F2,
d_income_kenya,371,"Q97KENa. Here is a list of income categories. Which of these does your household fall into counting all wages, salaries, pensions and other income that comes in, before taxes and other deductions?",Nominal,Input,16,Right,F2,F2,
d_income2_kenya,372,"Q97KENb. [ASK IF d_income_kenya = 98, 99] A general category will help us. Was your household's monthly income in 2024 5,000 shillings (60,000 per year) or less, or was it more than 5,000 shillings (60,000 per year)?",Nominal,Input,17,Right,F2,F2,
d_income_mexico,373,"Q97MEXa. Here is a list of incomes in pesos. Adding together the incomes of all the people who work in your household, which group corresponds with the monthly income of this household before taxes?",Nominal,Input,17,Right,F2,F2,
d_income2_mexico,374,"Q97MEXb. [ASK IF d_income_mexico = 98, 99] A general category will help us. Was your household's monthly income in 2024 5,400 pesos or less, or was it more than 5,400 pesos?",Nominal,Input,18,Right,F2,F2,
d_income_netherlands,375,"Q97NLDa. Which of the following ranges best describes your monthly net household income? Please include all wages, pensions and other incomes that come in.",Nominal,Input,22,Right,F2,F2,
d_income2_netherlands,376,"Q97NLDb. [ASK IF d_income_netherlands = 98, 99] A general category will help us. Was your household's net monthly income in 2024 2,800 euros or less, or was it more than 2,800 euros?",Nominal,Input,23,Right,F2,F2,
d_income_nigeria,377,"Q97NGAa. Here is a list of monthly income categories. Which of these does your household fall into counting all wages, salaries, pensions and other income that comes in, before taxes and other deductions?",Nominal,Input,18,Right,F2,F2,
d_income2_nigeria,378,"Q97NGAb. [ASK IF d_income_nigeria = 98, 99] A general category will help us. Was your household's total monthly income in 2024 N40,000 or less, or was it more than N40,000?",Nominal,Input,19,Right,F2,F2,
d_income_poland,379,"Q97POLa. What is your total MONTHLY household income after taxes counting all wages, salaries, pensions, allowances and other incomes that come in?",Nominal,Input,8,Right,F8,F8,
d_income2_poland,380,"Q97POLb. [ASK IF d_income_poland = 98, 99] A general category will help us. Was your household's net monthly income in 2024 5,500 PLN or less, or was it more than 5,500 PLN?",Nominal,Input,8,Right,F8,F8,
d_income_safrica,381,"Q97ZAFa. Here is a list of monthly income categories. Which of these does your household fall into, counting all wages, salaries, pensions and other income that comes in, before taxes and deductions?",Nominal,Input,18,Right,F2,F2,
d_income2_safrica,382,"Q97ZAFb. [ASK IF d_income_safrica = 98, 99] A general category will help us. Was your household's monthly income in 2024 R2,500 or less, or was it more than R2,500?",Nominal,Input,19,Right,F2,F2,
d_income_skorea,383,"Q97KORa. Here is a list of monthly incomes. Which of these does your household fall into counting all wages, salaries, pensions, and other incomes that come in, before taxes and other deductions?",Nominal,Input,8,Right,F2,F2,
d_income2_skorea,384,"Q97KORb. [ASK IF d_income_skorea = 98, 99] A general category will help us. Was your household's monthly income in 2024 4,000,000 won or less, or was it more than 4,000,000 won?",Nominal,Input,18,Right,F2,F2,
d_income_spain,385,"Q97ESPa. Which of the following ranges best describes your monthly net household income? Please include all wages, pensions and other incomes that come in.",Nominal,Input,8,Right,F2,F2,
d_income2_spain,386,"Q97ESPb. [ASK IF d_income_spain = 98, 99] A general category will help us. Was your household's net monthly income in 2024 1,750 euros or less, or was it more than 1,750 euros?",Nominal,Input,17,Right,F2,F2,
d_income_sweden,387,"Q97SWEa. Which of the following ranges best describes your monthly net household income? Please include all wages, pensions and other income that comes in.",Nominal,Input,8,Right,F2,F2,
d_income2_sweden,388,"Q97SWEb. [ASK IF d_income_sweden = 98, 99] A general category will help us. Was your household's net monthly income in 2024 35,000 kronor or less, or was it more than 35,000 kronor?",Nominal,Input,23,Right,F2,F2,
d_income_turkey,389,"Q97TURa. Here is a list of monthly income categories. Which of these does your household fall into counting all wages, salaries, pensions and other income that comes in, after taxes and deductions?",Nominal,Input,17,Right,F2,F2,
d_income2_turkey,390,"Q97TURb. [ASK IF d_income_turkey = 98, 99] A general category will help us. Was your household's net monthly income in 2024 26,400 TRY or less, or was it more than 26,400 TRY?",Nominal,Input,18,Right,F2,F2,
d_income_uk_cat,391,"Q97GBRa. I'm going to read out a list of incomes, and ask you to tell me which your household falls into. You can answer in annual, monthly, or weekly terms. What do you prefer?",Nominal,Input,17,Right,F2,F2,
d_income_uk_year,392,"Q97GBRb. [ASK IF d_income_uk_cat = 1] Which of these does your household fall into, counting all wages, salaries, benefits, pensions and other incomes that come in, before taxes?",Nominal,Input,18,Right,F2,F2,
d_income_uk_month,393,"Q97GBRb. [ASK IF d_income_uk_cat = 2] Which of these does your household fall into, counting all wages, salaries, benefits, pensions and other incomes that come in, before taxes?",Nominal,Input,19,Right,F2,F2,
d_income_uk_week,394,"Q97GBRb. [ASK IF d_income_uk_cat = 3] Which of these does your household fall into, counting all wages, salaries, benefits, pensions and other incomes that come in, before taxes?",Nominal,Input,18,Right,F2,F2,
d_income2_uk,395,"Q97GBRe. [ASK IF d_income_uk_cat/d_income_uk_year/d_income_uk_month/d_income_uk_week = 98, 99] Was your household's income in 2024 45,500 pounds annually / 3,370 pounds monthly / 775 pounds weekly or less, or was it more than that?",Nominal,Input,14,Right,F2,F2,
d_caste_india,396,Q98INDa. Are you from a...?,Nominal,Input,20,Right,F2,F2,
d_caste2_india,397,Q98INDb. [ASK IF d_caste_india = 1] Are you...?,Nominal,Input,16,Right,F2,F2,
d_ethnicity_israel,398,"Q98ISR. What is your nationhood (Le'om)? Jewish, Arab or other?",Nominal,Input,8,Right,F2,F2,
d_ethnicity_safrica,399,Q98ZAF. What is the race/ethnicity of the respondent?,Nominal,Input,21,Right,F2,F2,
d_hhpeople,400,"Q99a. How many people live in your household, including yourself?",Nominal,Input,12,Right,F2,F2,
d_adults,401,"Q99b. [ASK IF d_hhpeople > 1 or d_hhpeople = 98, 99] How many people who live in your household, including yourself, are adults, age 18 and older?",Nominal,Input,10,Right,F2,F2,
d_ptyid_proximity_argentina,402,Q100ARGa. Which political party do you identify with most?,Nominal,Input,29,Right,F2,F2,
d_ptyid_proximity_australia,403,Q100AUSa. Which political party do you feel closest to?,Nominal,Input,8,Right,F3,F3,
d_ptyid_proximity_brazil,404,Q100BRAa. Which political party do you most identify with?,Nominal,Input,26,Right,F2,F2,
d_ptyid_proximity_canada,405,"Q100CANa. Which federal political party do you usually feel closest to, if any?",Nominal,Input,26,Right,F2,F2,
d_ptyid_proximity_france,406,"Q100FRAa. Which political party do you feel is closest to you, or, shall we say, not very far from you?",Nominal,Input,26,Right,F2,F2,
d_ptyid_proximity_germany,407,Q100DEUa. Which political party do you feel closest to?,Nominal,Input,27,Right,F2,F2,
d_ptyid_proximity_greece,408,Q100GRCa. Which political party do you feel closest to?,Nominal,Input,26,Right,F2,F2,
d_ptyid_proximity_hungary,409,Q100HUNa. Which political party do you feel closest to?,Nominal,Input,27,Right,F2,F2,
d_ptyid_proximity_india,410,Q100INDa. Which political party do you support?,Nominal,Input,25,Right,F2,F2,
d_ptyid_proximity_indonesia,411,"Q100IDNa. Which political party, if any, do you feel is closer to your ideas?",Nominal,Input,29,Right,F2,F2,
d_ptyid_proximity_israel,412,Q100ISRa. Which political party do you feel closest to?,Nominal,Input,26,Right,F2,F2,
d_ptyid_proximity_italy,413,Q100ITAa. Which political party do you feel closest to?,Nominal,Input,25,Right,F2,F2,
d_ptyid_proximity_japan,414,Q100JPNa. Which political party do you support on a regular basis?,Nominal,Input,25,Right,F2,F2,
d_ptyid_proximity_kenya,415,Q100KENa. Which political party do you support?,Nominal,Input,25,Right,F2,F2,
d_ptyid_proximity_mexico,416,"Q100MEXa. Disregarding whom you voted for in the past, which party do you most identify with?",Nominal,Input,26,Right,F2,F2,
d_ptyid_proximity_netherlands,417,Q100NLDa. Which political party do you feel closest to?,Nominal,Input,31,Right,F2,F2,
d_ptyid_proximity_nigeria,418,"Q100NGAa. Which political party, if any, do you feel closest to?",Nominal,Input,27,Right,F2,F2,
d_ptyid_proximity_poland,419,Q100POLa. With which political party's views do you most sympathize?,Nominal,Input,26,Right,F2,F2,
d_ptyid_proximity_safrica,420,"Q100ZAFa. To which political party, if any, do you feel closest?",Nominal,Input,27,Right,F2,F2,
d_ptyid_proximity_spain,421,Q100ESPa. Which political party do you feel more sympathy for or is closest to your ideas?,Nominal,Input,25,Right,F2,F2,
d_ptyid_proximity_sweden,422,Q100SWEa. To which political party do you feel closest?,Nominal,Input,26,Right,F2,F2,
d_ptyid_proximity_turkey,423,Q100TURa. Which political party do you feel yourself close to?,Nominal,Input,26,Right,F2,F2,
d_ptyid_proximity_uk,424,Q100GBRa. Which political party do you feel closest to?,Nominal,Input,22,Right,F2,F2,
d_ptyid_proximity_lean,425,"Q100b. Even if you do not feel particularly close to one party, is there any party you feel somewhat closer to than others?",Nominal,Input,8,Right,F3,F3,
d_ptylean_argentina,426,Q100ARGc. [ASK IF d_ptyid_proximity_lean = 1] Which one?,Nominal,Input,21,Right,F2,F2,
d_ptylean_australia,427,Q100AUSc. [ASK IF d_ptyid_proximity_lean = 1] Which one?,Nominal,Input,8,Right,F3,F3,
d_ptylean_brazil,428,Q100BRAc. [ASK IF d_ptyid_proximity_lean = 1] Which one?,Nominal,Input,18,Right,F2,F2,
d_ptylean_canada,429,Q100CANc. [ASK IF d_ptyid_proximity_lean = 1] Which one?,Nominal,Input,18,Right,F2,F2,
d_ptylean_france,430,Q100FRAc. [ASK IF d_ptyid_proximity_lean = 1] Which one?,Nominal,Input,18,Right,F2,F2,
d_ptylean_germany,431,Q100DEUc. [ASK IF d_ptyid_proximity_lean = 1] Which one?,Nominal,Input,19,Right,F2,F2,
d_ptylean_greece,432,Q100GRCc. [ASK IF d_ptyid_proximity_lean = 1] Which one?,Nominal,Input,18,Right,F2,F2,
d_ptylean_hungary,433,Q100HUNc. [ASK IF d_ptyid_proximity_lean = 1] Which one?,Nominal,Input,19,Right,F2,F2,
d_ptylean_india,434,Q100INDc. [ASK IF d_ptyid_proximity_lean = 1] Which one?,Nominal,Input,17,Right,F2,F2,
d_ptylean_indonesia,435,Q100IDNc. [ASK IF d_ptyid_proximity_lean = 1] Which one?,Nominal,Input,21,Right,F2,F2,
d_ptylean_israel,436,Q100ISRc. [ASK IF d_ptyid_proximity_lean = 1] Which one?,Nominal,Input,18,Right,F2,F2,
d_ptylean_italy,437,Q100ITAc. [ASK IF d_ptyid_proximity_lean = 1] Which one?,Nominal,Input,17,Right,F2,F2,
d_ptylean_japan,438,Q100JPNc. [ASK IF d_ptyid_proximity_lean = 1] Which one?,Nominal,Input,17,Right,F2,F2,
d_ptylean_kenya,439,Q100KENc. [ASK IF d_ptyid_proximity_lean = 1] Which one?,Nominal,Input,17,Right,F2,F2,
d_ptylean_mexico,440,Q100MEXc. [ASK IF d_ptyid_proximity_lean = 1] Which one?,Nominal,Input,18,Right,F2,F2,
d_ptylean_netherlands,441,Q100NLDc. [ASK IF d_ptyid_proximity_lean = 1] Which one?,Nominal,Input,23,Right,F2,F2,
d_ptylean_nigeria,442,Q100NGAc. [ASK IF d_ptyid_proximity_lean = 1] Which one?,Nominal,Input,19,Right,F2,F2,
d_ptylean_poland,443,Q100POLc. [ASK IF d_ptyid_proximity_lean = 1] Which one?,Nominal,Input,18,Right,F2,F2,
d_ptylean_safrica,444,Q100ZAFc. [ASK IF d_ptyid_proximity_lean = 1] Which one?,Nominal,Input,19,Right,F2,F2,
d_ptylean_spain,445,Q100ESPc. [ASK IF d_ptyid_proximity_lean = 1] Which one?,Nominal,Input,17,Right,F2,F2,
d_ptylean_sweden,446,Q100SWEc. [ASK IF d_ptyid_proximity_lean = 1] Which one?,Nominal,Input,18,Right,F2,F2,
d_ptylean_turkey,447,Q100TURc. [ASK IF d_ptyid_proximity_lean = 1] Which one?,Nominal,Input,18,Right,F2,F2,
d_ptylean_uk,448,Q100GBRc. [ASK IF d_ptyid_proximity_lean = 1] Which one?,Nominal,Input,14,Right,F2,F2,
political_scale2,449,"Q101a. Some people talk about politics in terms of left, center and right. On a left-right scale from 0 to 6, with 0 indicating extreme left and 6 indicating extreme right, where would you place yourself?",Nominal,Input,18,Right,F2,F2,
political_scale3,450,"Q101b. (SHORTENED) Some people talk about politics in terms of progressive, center and conservative. On a progressive-conservative scale from 0 to 6, where would you place yourself?",Nominal,Input,18,Right,F2,F2,
home_phone,451,"Q102. [ASK IF CELL] Now thinking about your telephone use, is there at least one telephone INSIDE your home that is currently working and is not a cell phone?",Nominal,Input,16,Right,F2,F2,
working_cell,452,"Q103. [ASK IF LANDLINE] Now thinking about your telephone use, do you have a working cell phone?",Nominal,Input,16,Right,F2,F2,
trust_people,453,Q104. Which of the following comes closer to your view?,Nominal,Input,14,Right,F2,F2,
internetfreq,454,"Q105. About how often do you use the internet, whether on a computer, tablet or cellphone - almost constantly, several times a day, about once a day, several times a week, less often or do you not use the internet?",Nominal,Input,14,Right,F2,F2,
region_argentina,455,Region - Argentina,Scale,Input,8,Right,F8,F8,
region_australia,456,Region - Australia,Ordinal,Input,18,Right,F1,F1,
region_brazil,457,Region - Brazil,Scale,Input,12,Right,F2,F2,
region_canada,458,Region - Canada,Scale,Input,12,Right,F2,F2,
region_france,459,Region - France,Nominal,Input,15,Right,F2,F2,
region_germany,460,Region - Germany,Nominal,Input,16,Right,F2,F2,
region_greece,461,Region - Greece,Nominal,Input,15,Right,F2,F2,
region_hungary,462,Region - Hungary,Nominal,Input,16,Right,F2,F2,
region_india,463,Region - India,Scale,Input,8,Right,F8,F8,
region_indonesia,464,Region - Indonesia,Scale,Input,12,Right,F2,F2,
region_israel,465,Region - Israel,Scale,Input,12,Right,F1,F1,
region_italy,466,Region - Italy,Nominal,Input,20,Right,F2,F2,
region_japan,467,Region - Japan,Scale,Input,12,Right,F2,F2,
region_kenya,468,Region - Kenya,Scale,Input,12,Right,F1,F1,
region_mexico,469,Region - Mexico,Scale,Input,12,Right,F1,F1,
region_netherlands,470,Region - Netherlands,Nominal,Input,20,Right,F2,F2,
region_nigeria,471,Region - Nigeria,Ordinal,Input,16,Right,F1,F1,
region_poland,472,Region - Poland,Nominal,Input,15,Right,F2,F2,
region_safrica,473,Region - South Africa,Scale,Input,12,Right,F1,F1,
region_skorea,474,Region - South Korea,Scale,Input,12,Right,F2,F2,
region_spain,475,Region - Spain,Nominal,Input,14,Right,F2,F2,
region_sweden,476,Region - Sweden,Scale,Input,12,Right,F2,F2,
region_turkey,477,Region - Turkey,Scale,Input,12,Right,F1,F1,
region_uk,478,Region - UK,Scale,Input,12,Right,F2,F2,
urbanicity,479,Urbanicity,Scale,Input,50,Right,F8,F8,
qdate_s,480,START date of interview (DD/MM/YYYY):,Nominal,Input,10,Right,EDATE10,EDATE10,
qdate_e,481,END date of interview (DD/MM/YYYY):,Nominal,Input,10,Right,EDATE10,EDATE10,
intdate_aus,482,Date of survey - Australia,Scale,Input,11,Right,DATE11,DATE11,
phone_sample,483,Telephone sample source,Nominal,Input,50,Right,F1,F1,
